-- phpMyAdmin SQL Dump
-- version 5.2.1
-- https://www.phpmyadmin.net/
--
-- Host: 127.0.0.1
-- Generation Time: Dec 25, 2023 at 08:57 AM
-- Server version: 10.4.28-MariaDB
-- PHP Version: 8.0.28

SET SQL_MODE = "NO_AUTO_VALUE_ON_ZERO";
START TRANSACTION;
SET time_zone = "+00:00";


/*!40101 SET @OLD_CHARACTER_SET_CLIENT=@@CHARACTER_SET_CLIENT */;
/*!40101 SET @OLD_CHARACTER_SET_RESULTS=@@CHARACTER_SET_RESULTS */;
/*!40101 SET @OLD_COLLATION_CONNECTION=@@COLLATION_CONNECTION */;
/*!40101 SET NAMES utf8mb4 */;

--
-- Database: `parspr_mlno`
--

-- --------------------------------------------------------

--
-- Table structure for table `audit_logs`
--

CREATE TABLE `audit_logs` (
  `id` int(11) NOT NULL,
  `cardId` int(11) DEFAULT NULL,
  `previous` varchar(255) DEFAULT NULL,
  `current` varchar(255) DEFAULT NULL,
  `createdBy` int(11) DEFAULT NULL,
  `modifiedBy` int(11) DEFAULT NULL,
  `createdAt` datetime DEFAULT '2023-12-22 18:20:41',
  `updatedAt` datetime DEFAULT '2023-12-22 18:20:41',
  `userId` int(11) DEFAULT NULL
) ENGINE=InnoDB DEFAULT CHARSET=utf8mb4 COLLATE=utf8mb4_general_ci;

--
-- Dumping data for table `audit_logs`
--

INSERT INTO `audit_logs` (`id`, `cardId`, `previous`, `current`, `createdBy`, `modifiedBy`, `createdAt`, `updatedAt`, `userId`) VALUES
(1, 1, 'null', '{}', 1, 1, '2023-12-20 20:43:45', '2023-12-20 20:43:45', NULL),
(2, 1, 'null', '{}', 1, 1, '2023-12-20 20:43:45', '2023-12-20 20:43:45', NULL),
(3, 2, 'null', '{}', 1, 1, '2023-12-20 20:43:45', '2023-12-20 20:43:45', NULL),
(4, 5, 'null', '{}', 1, 1, '2023-12-20 20:47:38', '2023-12-20 20:47:38', NULL),
(5, 4, 'null', '{}', 1, 1, '2023-12-20 20:47:38', '2023-12-20 20:47:38', NULL),
(6, 7, 'null', '{}', 1, 1, '2023-12-20 20:48:34', '2023-12-20 20:48:34', NULL),
(7, 6, 'null', '{}', 1, 1, '2023-12-20 20:54:46', '2023-12-20 20:54:46', NULL),
(8, 8, 'null', '{}', 1, 1, '2023-12-20 20:56:20', '2023-12-20 20:56:20', NULL),
(9, 2, 'null', '{}', 1, 1, '2023-12-20 20:58:45', '2023-12-20 20:58:45', NULL),
(10, 9, 'null', '{}', 1, 1, '2023-12-20 21:00:03', '2023-12-20 21:00:03', NULL);

-- --------------------------------------------------------

--
-- Table structure for table `cards`
--

CREATE TABLE `cards` (
  `id` int(11) NOT NULL,
  `Bank` varchar(255) DEFAULT NULL,
  `Date` datetime DEFAULT NULL,
  `Product` varchar(255) DEFAULT NULL,
  `Logo` varchar(255) DEFAULT NULL,
  `Scheme` varchar(255) DEFAULT NULL,
  `Name` varchar(255) DEFAULT NULL,
  `Bureau_Status` datetime DEFAULT NULL,
  `Courier_Status` datetime DEFAULT NULL,
  `Bureau_Status_Timestamp` datetime DEFAULT NULL,
  `Courier_Status_Timestamp` datetime DEFAULT NULL,
  `Address1` varchar(255) DEFAULT NULL,
  `Address2` varchar(255) DEFAULT NULL,
  `Address3` varchar(255) DEFAULT NULL,
  `City` varchar(255) DEFAULT NULL,
  `State` varchar(255) DEFAULT NULL,
  `Pin` varchar(255) DEFAULT NULL,
  `Mobile` varchar(255) DEFAULT NULL,
  `Other_Contact` varchar(255) DEFAULT NULL,
  `Reference_No` varchar(255) DEFAULT NULL,
  `AWB_No` varchar(255) DEFAULT NULL,
  `RTO_Address1` varchar(255) DEFAULT NULL,
  `RTO_Address2` varchar(255) DEFAULT NULL,
  `RTO_Address3` varchar(255) DEFAULT NULL,
  `RTO_City` varchar(255) DEFAULT NULL,
  `RTO_State` varchar(255) DEFAULT NULL,
  `RTO_Pin` varchar(255) DEFAULT NULL,
  `Office_Address1` varchar(255) DEFAULT NULL,
  `Office_Address2` varchar(255) DEFAULT NULL,
  `Office_Address3` varchar(255) DEFAULT NULL,
  `Office_City` varchar(255) DEFAULT NULL,
  `Office_State` varchar(255) DEFAULT NULL,
  `Office_Pin` varchar(255) DEFAULT NULL,
  `PA_Flag` varchar(255) DEFAULT NULL,
  `NRWC_Flag` varchar(255) DEFAULT NULL,
  `Priority` varchar(255) DEFAULT NULL,
  `Third_Party` varchar(255) DEFAULT NULL,
  `Bureau_Code` int(11) DEFAULT NULL,
  `Courier_Code` int(11) DEFAULT NULL,
  `Form_Factor` varchar(255) DEFAULT NULL,
  `Comments` varchar(255) DEFAULT NULL,
  `Personalized_NonPersonalized` varchar(255) DEFAULT NULL,
  `Individual_Bulk_Break` varchar(255) DEFAULT NULL,
  `Sub_Customer` varchar(255) DEFAULT NULL,
  `Status` int(11) DEFAULT NULL,
  `If_PULL` varchar(255) DEFAULT NULL,
  `Field_1` varchar(255) DEFAULT NULL,
  `Field_2` varchar(255) DEFAULT NULL,
  `Field_3` varchar(255) DEFAULT NULL,
  `Field_4` datetime DEFAULT NULL,
  `Field_5` datetime DEFAULT NULL,
  `Field_6` int(11) DEFAULT NULL,
  `Field_7` int(11) DEFAULT NULL,
  `createdBy` int(11) DEFAULT NULL,
  `modifiedBy` int(11) DEFAULT NULL,
  `createdAt` datetime DEFAULT '2023-12-22 18:30:57',
  `updatedAt` datetime DEFAULT '2023-12-22 18:30:57',
  `fileMasterId` int(11) DEFAULT NULL,
  `userId` int(11) DEFAULT NULL
) ENGINE=InnoDB DEFAULT CHARSET=utf8mb4 COLLATE=utf8mb4_general_ci;

--
-- Dumping data for table `cards`
--

INSERT INTO `cards` (`id`, `Bank`, `Date`, `Product`, `Logo`, `Scheme`, `Name`, `Bureau_Status`, `Courier_Status`, `Bureau_Status_Timestamp`, `Courier_Status_Timestamp`, `Address1`, `Address2`, `Address3`, `City`, `State`, `Pin`, `Mobile`, `Other_Contact`, `Reference_No`, `AWB_No`, `RTO_Address1`, `RTO_Address2`, `RTO_Address3`, `RTO_City`, `RTO_State`, `RTO_Pin`, `Office_Address1`, `Office_Address2`, `Office_Address3`, `Office_City`, `Office_State`, `Office_Pin`, `PA_Flag`, `NRWC_Flag`, `Priority`, `Third_Party`, `Bureau_Code`, `Courier_Code`, `Form_Factor`, `Comments`, `Personalized_NonPersonalized`, `Individual_Bulk_Break`, `Sub_Customer`, `Status`, `If_PULL`, `Field_1`, `Field_2`, `Field_3`, `Field_4`, `Field_5`, `Field_6`, `Field_7`, `createdBy`, `modifiedBy`, `createdAt`, `updatedAt`, `fileMasterId`, `userId`) VALUES
(1, 'HDFC', '2023-12-11 09:19:33', 'Platinum', 'GPL', 'AMEX', 'tempore', '0000-00-00 00:00:00', '0000-00-00 00:00:00', '2023-12-11 09:19:33', '2023-12-11 09:19:33', 'Address1_ut', 'Address2_id', 'Address3_ut', 'Add_c_ut', 'Address_s_et', NULL, NULL, NULL, NULL, '0000-00-00 00:00:00', '0000-00-00 00:00:00', '0000-00-00 00:00:00', '0000-00-00 00:00:00', NULL, NULL, NULL, NULL, NULL, NULL, NULL, NULL, NULL, NULL, 'N', NULL, NULL, NULL, 0, NULL, NULL, NULL, NULL, NULL, NULL, NULL, NULL, NULL, NULL, NULL, NULL, NULL, NULL, 1, 1, '2023-12-10 08:15:05', '2023-12-10 08:15:05', 9, 1),
(2, 'HDFC', '2023-12-11 09:19:33', 'VISA Master', 'PPL', 'VISA', 'tenetur', '0000-00-00 00:00:00', '0000-00-00 00:00:00', '2023-12-11 09:19:33', '2023-12-11 09:19:33', 'Address1_id', 'Address2_in', 'Address3_ut', 'Add_c_ut', 'Address_s_et', NULL, NULL, NULL, NULL, '0000-00-00 00:00:00', '0000-00-00 00:00:00', '0000-00-00 00:00:00', '0000-00-00 00:00:00', NULL, NULL, NULL, NULL, NULL, NULL, NULL, NULL, NULL, NULL, 'C', NULL, NULL, NULL, 0, NULL, NULL, NULL, NULL, NULL, NULL, NULL, NULL, NULL, NULL, NULL, NULL, NULL, NULL, 1, 1, '2023-12-10 08:15:05', '2023-12-10 08:15:05', 7, 1),
(3, 'IDFC', '2023-12-11 09:19:33', 'Platinum', 'FPL', 'MC', 'aliquam', '0000-00-00 00:00:00', '0000-00-00 00:00:00', '2023-12-11 09:19:33', '2023-12-11 09:19:33', 'Address1_et', 'Address2_et', 'Address3_in', 'Add_c_et', 'Address_s_ut', NULL, NULL, NULL, NULL, '0000-00-00 00:00:00', '0000-00-00 00:00:00', '0000-00-00 00:00:00', '0000-00-00 00:00:00', NULL, NULL, NULL, NULL, NULL, NULL, NULL, NULL, NULL, NULL, 'N', NULL, NULL, NULL, 0, NULL, NULL, NULL, NULL, NULL, NULL, NULL, NULL, NULL, NULL, NULL, NULL, NULL, NULL, 1, 1, '2023-12-10 08:15:05', '2023-12-10 08:15:05', 3, 1),
(4, 'IDFC', '2023-12-11 09:19:33', 'VISA Master', 'FPL', 'AMEX', 'dolorum', '0000-00-00 00:00:00', '0000-00-00 00:00:00', '2023-12-11 09:19:33', '2023-12-11 09:19:33', 'Address1_ut', 'Address2_id', 'Address3_et', 'Add_c_id', 'Address_s_et', NULL, NULL, NULL, NULL, '0000-00-00 00:00:00', '0000-00-00 00:00:00', '0000-00-00 00:00:00', '0000-00-00 00:00:00', NULL, NULL, NULL, NULL, NULL, NULL, NULL, NULL, NULL, NULL, 'C', NULL, NULL, NULL, 0, NULL, NULL, NULL, NULL, NULL, NULL, NULL, NULL, NULL, NULL, NULL, NULL, NULL, NULL, 1, 1, '2023-12-10 08:15:05', '2023-12-10 08:15:05', 1, 1),
(5, 'HDFC', '2023-12-11 09:19:33', 'Platinum', 'FPL', 'CUP', 'quaerat', '0000-00-00 00:00:00', '0000-00-00 00:00:00', '2023-12-11 09:19:33', '2023-12-11 09:19:33', 'Address1_et', 'Address2_ut', 'Address3_ut', 'Add_c_ea', 'Address_s_ad', NULL, NULL, NULL, NULL, '0000-00-00 00:00:00', '0000-00-00 00:00:00', '0000-00-00 00:00:00', '0000-00-00 00:00:00', NULL, NULL, NULL, NULL, NULL, NULL, NULL, NULL, NULL, NULL, 'R', NULL, NULL, NULL, 0, NULL, NULL, NULL, NULL, NULL, NULL, NULL, NULL, NULL, NULL, NULL, NULL, NULL, NULL, 1, 1, '2023-12-10 08:15:05', '2023-12-10 08:15:05', 7, 1),
(6, 'IDFC', '2023-12-11 09:19:33', 'VISA Master', 'GPL', 'CUP', 'aliquam', '0000-00-00 00:00:00', '0000-00-00 00:00:00', '2023-12-11 09:19:33', '2023-12-11 09:19:33', 'Address1_ut', 'Address2_et', 'Address3_et', 'Add_c_et', 'Address_s_et', NULL, NULL, NULL, NULL, '0000-00-00 00:00:00', '0000-00-00 00:00:00', '0000-00-00 00:00:00', '0000-00-00 00:00:00', NULL, NULL, NULL, NULL, NULL, NULL, NULL, NULL, NULL, NULL, 'R', NULL, NULL, NULL, 0, NULL, NULL, NULL, NULL, NULL, NULL, NULL, NULL, NULL, NULL, NULL, NULL, NULL, NULL, 1, 1, '2023-12-10 08:15:05', '2023-12-10 08:15:05', 6, 1),
(7, 'SBI', '2023-12-11 09:19:33', 'Platinum', 'FPL', 'VISA', 'ducimus', '0000-00-00 00:00:00', '0000-00-00 00:00:00', '2023-12-11 09:19:33', '2023-12-11 09:19:33', 'Address1_et', 'Address2_ut', 'Address3_ut', 'Add_c_et', 'Address_s_ea', NULL, NULL, NULL, NULL, '0000-00-00 00:00:00', '0000-00-00 00:00:00', '0000-00-00 00:00:00', '0000-00-00 00:00:00', NULL, NULL, NULL, NULL, NULL, NULL, NULL, NULL, NULL, NULL, 'W', NULL, NULL, NULL, 0, NULL, NULL, NULL, NULL, NULL, NULL, NULL, NULL, NULL, NULL, NULL, NULL, NULL, NULL, 1, 1, '2023-12-10 08:15:05', '2023-12-10 08:15:05', 10, 1),
(8, 'SBI', '2023-12-11 09:19:33', 'VISA Master', 'FPL', 'AMEX', 'nostrum', '0000-00-00 00:00:00', '0000-00-00 00:00:00', '2023-12-11 09:19:33', '2023-12-11 09:19:33', 'Address1_in', 'Address2_ad', 'Address3_et', 'Add_c_ut', 'Address_s_id', NULL, NULL, NULL, NULL, '0000-00-00 00:00:00', '0000-00-00 00:00:00', '0000-00-00 00:00:00', '0000-00-00 00:00:00', NULL, NULL, NULL, NULL, NULL, NULL, NULL, NULL, NULL, NULL, 'W', NULL, NULL, NULL, 0, NULL, NULL, NULL, NULL, NULL, NULL, NULL, NULL, NULL, NULL, NULL, NULL, NULL, NULL, 1, 1, '2023-12-10 08:15:05', '2023-12-10 08:15:05', 5, 1),
(9, 'HDFC', '2023-12-11 09:19:33', 'VISA Master', 'GPL', 'CUP', 'ducimus', '0000-00-00 00:00:00', '0000-00-00 00:00:00', '2023-12-11 09:19:33', '2023-12-11 09:19:33', 'Address1_et', 'Address2_ut', 'Address3_in', 'Add_c_ex', 'Address_s_ut', NULL, NULL, NULL, NULL, '0000-00-00 00:00:00', '0000-00-00 00:00:00', '0000-00-00 00:00:00', '0000-00-00 00:00:00', NULL, NULL, NULL, NULL, NULL, NULL, NULL, NULL, NULL, NULL, 'N', NULL, NULL, NULL, 0, NULL, NULL, NULL, NULL, NULL, NULL, NULL, NULL, NULL, NULL, NULL, NULL, NULL, NULL, 1, 1, '2023-12-10 08:15:05', '2023-12-10 08:15:05', 4, 1),
(10, 'SBI', '2023-12-11 09:19:33', 'Platinum', 'GPL', 'JCB', 'ducimus', '0000-00-00 00:00:00', '0000-00-00 00:00:00', '2023-12-11 09:19:33', '2023-12-11 09:19:33', 'Address1_ea', 'Address2_ex', 'Address3_et', 'Add_c_ut', 'Address_s_et', NULL, NULL, NULL, NULL, '0000-00-00 00:00:00', '0000-00-00 00:00:00', '0000-00-00 00:00:00', '0000-00-00 00:00:00', NULL, NULL, NULL, NULL, NULL, NULL, NULL, NULL, NULL, NULL, 'N', NULL, NULL, NULL, 0, NULL, NULL, NULL, NULL, NULL, NULL, NULL, NULL, NULL, NULL, NULL, NULL, NULL, NULL, 1, 1, '2023-12-10 08:15:05', '2023-12-10 08:15:05', 4, 1),
(11, 'HDFC', '2023-12-11 11:39:21', 'VISA Master', 'PPL', 'MC', 'dolores', '0000-00-00 00:00:00', '0000-00-00 00:00:00', '2023-12-11 11:39:21', '2023-12-11 11:39:21', 'Address1_ea', 'Address2_et', 'Address3_id', 'Add_c_et', 'Address_s_ad', NULL, NULL, NULL, NULL, '0000-00-00 00:00:00', '0000-00-00 00:00:00', '0000-00-00 00:00:00', '0000-00-00 00:00:00', NULL, NULL, NULL, NULL, NULL, NULL, NULL, NULL, NULL, NULL, 'W', NULL, NULL, NULL, 0, NULL, NULL, NULL, NULL, NULL, NULL, NULL, NULL, NULL, NULL, NULL, NULL, NULL, NULL, 1, 1, '2023-11-02 05:44:48', '2023-12-10 08:15:05', 7, 1),
(12, 'SBI', '2023-12-11 11:39:21', 'Platinum', 'FPL', 'JCB', 'aliquam', '0000-00-00 00:00:00', '0000-00-00 00:00:00', '2023-12-11 11:39:21', '2023-12-11 11:39:21', 'Address1_et', 'Address2_ut', 'Address3_in', 'Add_c_in', 'Address_s_ut', NULL, NULL, NULL, NULL, '0000-00-00 00:00:00', '0000-00-00 00:00:00', '0000-00-00 00:00:00', '0000-00-00 00:00:00', NULL, NULL, NULL, NULL, NULL, NULL, NULL, NULL, NULL, NULL, 'W', NULL, NULL, NULL, 0, NULL, NULL, NULL, NULL, NULL, NULL, NULL, NULL, NULL, NULL, NULL, NULL, NULL, NULL, 1, 1, '2023-11-02 23:21:28', '2023-12-10 08:15:05', 1, 1),
(13, 'HDFC', '2023-12-11 11:39:21', 'VISA Master', 'PPL', 'JCB', 'ratione', '0000-00-00 00:00:00', '0000-00-00 00:00:00', '2023-12-11 11:39:21', '2023-12-11 11:39:21', 'Address1_et', 'Address2_et', 'Address3_ea', 'Add_c_et', 'Address_s_id', NULL, NULL, NULL, NULL, '0000-00-00 00:00:00', '0000-00-00 00:00:00', '0000-00-00 00:00:00', '0000-00-00 00:00:00', NULL, NULL, NULL, NULL, NULL, NULL, NULL, NULL, NULL, NULL, 'R', NULL, NULL, NULL, 0, NULL, NULL, NULL, NULL, NULL, NULL, NULL, NULL, NULL, NULL, NULL, NULL, NULL, NULL, 1, 1, '2023-09-06 18:55:48', '2023-12-10 08:15:05', 2, 1),
(14, 'IDFC', '2023-12-11 11:39:21', 'VISA Master', 'PPL', 'CUP', 'tempore', '0000-00-00 00:00:00', '0000-00-00 00:00:00', '2023-12-11 11:39:21', '2023-12-11 11:39:21', 'Address1_ex', 'Address2_ad', 'Address3_at', 'Add_c_ut', 'Address_s_et', NULL, NULL, NULL, NULL, '0000-00-00 00:00:00', '0000-00-00 00:00:00', '0000-00-00 00:00:00', '0000-00-00 00:00:00', NULL, NULL, NULL, NULL, NULL, NULL, NULL, NULL, NULL, NULL, 'W', NULL, NULL, NULL, 0, NULL, NULL, NULL, NULL, NULL, NULL, NULL, NULL, NULL, NULL, NULL, NULL, NULL, NULL, 1, 1, '2023-11-28 06:55:01', '2023-12-10 08:15:05', 2, 1),
(15, 'IDFC', '2023-12-11 11:39:21', 'VISA Master', 'PPL', 'CUP', 'ratione', '0000-00-00 00:00:00', '0000-00-00 00:00:00', '2023-12-11 11:39:21', '2023-12-11 11:39:21', 'Address1_ea', 'Address2_ex', 'Address3_ut', 'Add_c_et', 'Address_s_et', NULL, NULL, NULL, NULL, '0000-00-00 00:00:00', '0000-00-00 00:00:00', '0000-00-00 00:00:00', '0000-00-00 00:00:00', NULL, NULL, NULL, NULL, NULL, NULL, NULL, NULL, NULL, NULL, 'W', NULL, NULL, NULL, 0, NULL, NULL, NULL, NULL, NULL, NULL, NULL, NULL, NULL, NULL, NULL, NULL, NULL, NULL, 1, 1, '2023-11-20 09:02:09', '2023-12-10 08:15:05', 3, 1),
(16, 'HDFC', '2023-12-11 11:39:21', 'VISA Master', 'PPL', 'MC', 'aliquam', '0000-00-00 00:00:00', '0000-00-00 00:00:00', '2023-12-11 11:39:21', '2023-12-11 11:39:21', 'Address1_et', 'Address2_ut', 'Address3_in', 'Add_c_et', 'Address_s_et', NULL, NULL, NULL, NULL, '0000-00-00 00:00:00', '0000-00-00 00:00:00', '0000-00-00 00:00:00', '0000-00-00 00:00:00', NULL, NULL, NULL, NULL, NULL, NULL, NULL, NULL, NULL, NULL, 'C', NULL, NULL, NULL, 0, NULL, NULL, NULL, NULL, NULL, NULL, NULL, NULL, NULL, NULL, NULL, NULL, NULL, NULL, 1, 1, '2023-12-08 12:50:45', '2023-12-10 08:15:05', 3, 1),
(17, 'HDFC', '2023-12-11 11:39:21', 'Platinum', 'PPL', 'CUP', 'dolorum', '0000-00-00 00:00:00', '0000-00-00 00:00:00', '2023-12-11 11:39:21', '2023-12-11 11:39:21', 'Address1_ex', 'Address2_ea', 'Address3_et', 'Add_c_id', 'Address_s_id', NULL, NULL, NULL, NULL, '0000-00-00 00:00:00', '0000-00-00 00:00:00', '0000-00-00 00:00:00', '0000-00-00 00:00:00', NULL, NULL, NULL, NULL, NULL, NULL, NULL, NULL, NULL, NULL, 'W', NULL, NULL, NULL, 0, NULL, NULL, NULL, NULL, NULL, NULL, NULL, NULL, NULL, NULL, NULL, NULL, NULL, NULL, 1, 1, '2023-11-27 16:17:35', '2023-12-10 08:15:05', 3, 1),
(18, 'IDFC', '2023-12-11 11:39:21', 'VISA Master', 'PPL', 'VISA', 'placeat', '0000-00-00 00:00:00', '0000-00-00 00:00:00', '2023-12-11 11:39:21', '2023-12-11 11:39:21', 'Address1_et', 'Address2_id', 'Address3_et', 'Add_c_et', 'Address_s_et', NULL, NULL, NULL, NULL, '0000-00-00 00:00:00', '0000-00-00 00:00:00', '0000-00-00 00:00:00', '0000-00-00 00:00:00', NULL, NULL, NULL, NULL, NULL, NULL, NULL, NULL, NULL, NULL, 'W', NULL, NULL, NULL, 0, NULL, NULL, NULL, NULL, NULL, NULL, NULL, NULL, NULL, NULL, NULL, NULL, NULL, NULL, 1, 1, '2023-09-15 13:14:58', '2023-12-10 08:15:05', 6, 1),
(19, 'SBI', '2023-12-11 11:39:21', 'Platinum', 'GPL', 'CUP', 'debitis', '0000-00-00 00:00:00', '0000-00-00 00:00:00', '2023-12-11 11:39:21', '2023-12-11 11:39:21', 'Address1_ea', 'Address2_ab', 'Address3_in', 'Add_c_id', 'Address_s_ad', NULL, NULL, NULL, NULL, '0000-00-00 00:00:00', '0000-00-00 00:00:00', '0000-00-00 00:00:00', '0000-00-00 00:00:00', NULL, NULL, NULL, NULL, NULL, NULL, NULL, NULL, NULL, NULL, 'R', NULL, NULL, NULL, 0, NULL, NULL, NULL, NULL, NULL, NULL, NULL, NULL, NULL, NULL, NULL, NULL, NULL, NULL, 1, 1, '2023-11-04 22:32:31', '2023-12-10 08:15:05', 7, 1),
(20, 'SBI', '2023-12-11 11:39:21', 'VISA Master', 'GPL', 'MC', 'ducimus', '0000-00-00 00:00:00', '0000-00-00 00:00:00', '2023-12-11 11:39:21', '2023-12-11 11:39:21', 'Address1_at', 'Address2_in', 'Address3_ea', 'Add_c_et', 'Address_s_id', NULL, NULL, NULL, NULL, '0000-00-00 00:00:00', '0000-00-00 00:00:00', '0000-00-00 00:00:00', '0000-00-00 00:00:00', NULL, NULL, NULL, NULL, NULL, NULL, NULL, NULL, NULL, NULL, 'R', NULL, NULL, NULL, 0, NULL, NULL, NULL, NULL, NULL, NULL, NULL, NULL, NULL, NULL, NULL, NULL, NULL, NULL, 1, 1, '2023-10-01 18:21:42', '2023-12-10 08:15:05', 8, 1),
(21, 'IDFC', '2023-12-11 11:39:21', 'VISA Master', 'GPL', 'CUP', 'ratione', '0000-00-00 00:00:00', '0000-00-00 00:00:00', '2023-12-11 11:39:21', '2023-12-11 11:39:21', 'Address1_ut', 'Address2_ut', 'Address3_et', 'Add_c_et', 'Address_s_in', NULL, NULL, NULL, NULL, '0000-00-00 00:00:00', '0000-00-00 00:00:00', '0000-00-00 00:00:00', '0000-00-00 00:00:00', NULL, NULL, NULL, NULL, NULL, NULL, NULL, NULL, NULL, NULL, 'N', NULL, NULL, NULL, 0, NULL, NULL, NULL, NULL, NULL, NULL, NULL, NULL, NULL, NULL, NULL, NULL, NULL, NULL, 1, 1, '2023-09-25 12:18:59', '2023-12-10 08:15:05', 2, 1),
(22, 'HDFC', '2023-12-11 11:39:21', 'VISA Master', 'GPL', 'CUP', 'placeat', '0000-00-00 00:00:00', '0000-00-00 00:00:00', '2023-12-11 11:39:21', '2023-12-11 11:39:21', 'Address1_ea', 'Address2_in', 'Address3_ut', 'Add_c_ut', 'Address_s_ut', NULL, NULL, NULL, NULL, '0000-00-00 00:00:00', '0000-00-00 00:00:00', '0000-00-00 00:00:00', '0000-00-00 00:00:00', NULL, NULL, NULL, NULL, NULL, NULL, NULL, NULL, NULL, NULL, 'N', NULL, NULL, NULL, 0, NULL, NULL, NULL, NULL, NULL, NULL, NULL, NULL, NULL, NULL, NULL, NULL, NULL, NULL, 1, 1, '2023-09-23 14:56:08', '2023-12-10 08:15:05', 9, 1),
(23, 'IDFC', '2023-12-11 11:39:21', 'Platinum', 'PPL', 'VISA', 'nostrum', '0000-00-00 00:00:00', '0000-00-00 00:00:00', '2023-12-11 11:39:21', '2023-12-11 11:39:21', 'Address1_ut', 'Address2_ea', 'Address3_et', 'Add_c_id', 'Address_s_et', NULL, NULL, NULL, NULL, '0000-00-00 00:00:00', '0000-00-00 00:00:00', '0000-00-00 00:00:00', '0000-00-00 00:00:00', NULL, NULL, NULL, NULL, NULL, NULL, NULL, NULL, NULL, NULL, 'N', NULL, NULL, NULL, 0, NULL, NULL, NULL, NULL, NULL, NULL, NULL, NULL, NULL, NULL, NULL, NULL, NULL, NULL, 1, 1, '2023-10-13 09:40:11', '2023-12-10 08:15:05', 7, 1),
(24, 'SBI', '2023-12-11 11:39:21', 'VISA Master', 'GPL', 'AMEX', 'tempore', '0000-00-00 00:00:00', '0000-00-00 00:00:00', '2023-12-11 11:39:21', '2023-12-11 11:39:21', 'Address1_ex', 'Address2_id', 'Address3_id', 'Add_c_ad', 'Address_s_et', NULL, NULL, NULL, NULL, '0000-00-00 00:00:00', '0000-00-00 00:00:00', '0000-00-00 00:00:00', '0000-00-00 00:00:00', NULL, NULL, NULL, NULL, NULL, NULL, NULL, NULL, NULL, NULL, 'C', NULL, NULL, NULL, 0, NULL, NULL, NULL, NULL, NULL, NULL, NULL, NULL, NULL, NULL, NULL, NULL, NULL, NULL, 1, 1, '2023-09-05 11:39:01', '2023-12-10 08:15:05', 1, 1),
(25, 'HDFC', '2023-12-11 11:39:21', 'VISA Master', 'PPL', 'VISA', 'quaerat', '0000-00-00 00:00:00', '0000-00-00 00:00:00', '2023-12-11 11:39:21', '2023-12-11 11:39:21', 'Address1_et', 'Address2_et', 'Address3_et', 'Add_c_et', 'Address_s_et', NULL, NULL, NULL, NULL, '0000-00-00 00:00:00', '0000-00-00 00:00:00', '0000-00-00 00:00:00', '0000-00-00 00:00:00', NULL, NULL, NULL, NULL, NULL, NULL, NULL, NULL, NULL, NULL, 'R', NULL, NULL, NULL, 0, NULL, NULL, NULL, NULL, NULL, NULL, NULL, NULL, NULL, NULL, NULL, NULL, NULL, NULL, 1, 1, '2023-09-06 22:17:15', '2023-12-10 08:15:05', 4, 1),
(26, 'IDFC', '2023-12-11 11:39:21', 'VISA Master', 'PPL', 'VISA', 'dolores', '0000-00-00 00:00:00', '0000-00-00 00:00:00', '2023-12-11 11:39:21', '2023-12-11 11:39:21', 'Address1_ad', 'Address2_ex', 'Address3_et', 'Add_c_et', 'Address_s_et', NULL, NULL, NULL, NULL, '0000-00-00 00:00:00', '0000-00-00 00:00:00', '0000-00-00 00:00:00', '0000-00-00 00:00:00', NULL, NULL, NULL, NULL, NULL, NULL, NULL, NULL, NULL, NULL, 'C', NULL, NULL, NULL, 0, NULL, NULL, NULL, NULL, NULL, NULL, NULL, NULL, NULL, NULL, NULL, NULL, NULL, NULL, 1, 1, '2023-10-18 04:00:23', '2023-12-10 08:15:05', 7, 1),
(27, 'IDFC', '2023-12-11 11:39:21', 'Platinum', 'PPL', 'JCB', 'placeat', '0000-00-00 00:00:00', '0000-00-00 00:00:00', '2023-12-11 11:39:21', '2023-12-11 11:39:21', 'Address1_et', 'Address2_et', 'Address3_in', 'Add_c_et', 'Address_s_ex', NULL, NULL, NULL, NULL, '0000-00-00 00:00:00', '0000-00-00 00:00:00', '0000-00-00 00:00:00', '0000-00-00 00:00:00', NULL, NULL, NULL, NULL, NULL, NULL, NULL, NULL, NULL, NULL, 'R', NULL, NULL, NULL, 0, NULL, NULL, NULL, NULL, NULL, NULL, NULL, NULL, NULL, NULL, NULL, NULL, NULL, NULL, 1, 1, '2023-10-24 05:30:04', '2023-12-10 08:15:05', 8, 1),
(28, 'IDFC', '2023-12-11 11:39:21', 'VISA Master', 'PPL', 'AMEX', 'placeat', '0000-00-00 00:00:00', '0000-00-00 00:00:00', '2023-12-11 11:39:21', '2023-12-11 11:39:21', 'Address1_et', 'Address2_et', 'Address3_et', 'Add_c_ut', 'Address_s_in', NULL, NULL, NULL, NULL, '0000-00-00 00:00:00', '0000-00-00 00:00:00', '0000-00-00 00:00:00', '0000-00-00 00:00:00', NULL, NULL, NULL, NULL, NULL, NULL, NULL, NULL, NULL, NULL, 'N', NULL, NULL, NULL, 0, NULL, NULL, NULL, NULL, NULL, NULL, NULL, NULL, NULL, NULL, NULL, NULL, NULL, NULL, 1, 1, '2023-10-01 20:41:21', '2023-12-10 08:15:05', 7, 1),
(29, 'HDFC', '2023-12-11 11:39:21', 'VISA Master', 'PPL', 'AMEX', 'commodi', '0000-00-00 00:00:00', '0000-00-00 00:00:00', '2023-12-11 11:39:21', '2023-12-11 11:39:21', 'Address1_ut', 'Address2_et', 'Address3_ut', 'Add_c_id', 'Address_s_et', NULL, NULL, NULL, NULL, '0000-00-00 00:00:00', '0000-00-00 00:00:00', '0000-00-00 00:00:00', '0000-00-00 00:00:00', NULL, NULL, NULL, NULL, NULL, NULL, NULL, NULL, NULL, NULL, 'C', NULL, NULL, NULL, 0, NULL, NULL, NULL, NULL, NULL, NULL, NULL, NULL, NULL, NULL, NULL, NULL, NULL, NULL, 1, 1, '2023-09-19 10:19:42', '2023-12-10 08:15:05', 6, 1),
(30, 'HDFC', '2023-12-11 11:39:21', 'Platinum', 'PPL', 'AMEX', 'aliquam', '0000-00-00 00:00:00', '0000-00-00 00:00:00', '2023-12-11 11:39:21', '2023-12-11 11:39:21', 'Address1_et', 'Address2_ab', 'Address3_et', 'Add_c_ut', 'Address_s_ea', NULL, NULL, NULL, NULL, '0000-00-00 00:00:00', '0000-00-00 00:00:00', '0000-00-00 00:00:00', '0000-00-00 00:00:00', NULL, NULL, NULL, NULL, NULL, NULL, NULL, NULL, NULL, NULL, 'N', NULL, NULL, NULL, 0, NULL, NULL, NULL, NULL, NULL, NULL, NULL, NULL, NULL, NULL, NULL, NULL, NULL, NULL, 1, 1, '2023-11-15 16:10:02', '2023-12-10 08:15:05', 5, 1),
(31, 'SBI', '2023-12-11 11:39:21', 'VISA Master', 'FPL', 'MC', 'dolores', '0000-00-00 00:00:00', '0000-00-00 00:00:00', '2023-12-11 11:39:21', '2023-12-11 11:39:21', 'Address1_ex', 'Address2_ut', 'Address3_ea', 'Add_c_ad', 'Address_s_et', NULL, NULL, NULL, NULL, '0000-00-00 00:00:00', '0000-00-00 00:00:00', '0000-00-00 00:00:00', '0000-00-00 00:00:00', NULL, NULL, NULL, NULL, NULL, NULL, NULL, NULL, NULL, NULL, 'C', NULL, NULL, NULL, 0, NULL, NULL, NULL, NULL, NULL, NULL, NULL, NULL, NULL, NULL, NULL, NULL, NULL, NULL, 1, 1, '2023-10-11 07:17:48', '2023-12-10 08:15:05', 10, 1),
(32, 'IDFC', '2023-12-11 11:39:21', 'VISA Master', 'GPL', 'VISA', 'nostrum', '0000-00-00 00:00:00', '0000-00-00 00:00:00', '2023-12-11 11:39:21', '2023-12-11 11:39:21', 'Address1_et', 'Address2_et', 'Address3_ut', 'Add_c_et', 'Address_s_ad', NULL, NULL, NULL, NULL, '0000-00-00 00:00:00', '0000-00-00 00:00:00', '0000-00-00 00:00:00', '0000-00-00 00:00:00', NULL, NULL, NULL, NULL, NULL, NULL, NULL, NULL, NULL, NULL, 'W', NULL, NULL, NULL, 0, NULL, NULL, NULL, NULL, NULL, NULL, NULL, NULL, NULL, NULL, NULL, NULL, NULL, NULL, 1, 1, '2023-10-13 11:32:10', '2023-12-10 08:15:05', 3, 1),
(33, 'HDFC', '2023-12-11 11:39:21', 'Platinum', 'GPL', 'CUP', 'dolorem', '0000-00-00 00:00:00', '0000-00-00 00:00:00', '2023-12-11 11:39:21', '2023-12-11 11:39:21', 'Address1_et', 'Address2_ab', 'Address3_et', 'Add_c_et', 'Address_s_et', NULL, NULL, NULL, NULL, '0000-00-00 00:00:00', '0000-00-00 00:00:00', '0000-00-00 00:00:00', '0000-00-00 00:00:00', NULL, NULL, NULL, NULL, NULL, NULL, NULL, NULL, NULL, NULL, 'N', NULL, NULL, NULL, 0, NULL, NULL, NULL, NULL, NULL, NULL, NULL, NULL, NULL, NULL, NULL, NULL, NULL, NULL, 1, 1, '2023-10-09 02:22:04', '2023-12-10 08:15:05', 1, 1),
(34, 'SBI', '2023-12-11 11:39:21', 'Platinum', 'FPL', 'MC', 'ratione', '0000-00-00 00:00:00', '0000-00-00 00:00:00', '2023-12-11 11:39:21', '2023-12-11 11:39:21', 'Address1_in', 'Address2_in', 'Address3_et', 'Add_c_et', 'Address_s_et', NULL, NULL, NULL, NULL, '0000-00-00 00:00:00', '0000-00-00 00:00:00', '0000-00-00 00:00:00', '0000-00-00 00:00:00', NULL, NULL, NULL, NULL, NULL, NULL, NULL, NULL, NULL, NULL, 'N', NULL, NULL, NULL, 0, NULL, NULL, NULL, NULL, NULL, NULL, NULL, NULL, NULL, NULL, NULL, NULL, NULL, NULL, 1, 1, '2023-11-03 07:10:45', '2023-12-10 08:15:05', 7, 1),
(35, 'HDFC', '2023-12-11 11:39:21', 'Platinum', 'FPL', 'VISA', 'quaerat', '0000-00-00 00:00:00', '0000-00-00 00:00:00', '2023-12-11 11:39:21', '2023-12-11 11:39:21', 'Address1_id', 'Address2_et', 'Address3_et', 'Add_c_et', 'Address_s_et', NULL, NULL, NULL, NULL, '0000-00-00 00:00:00', '0000-00-00 00:00:00', '0000-00-00 00:00:00', '0000-00-00 00:00:00', NULL, NULL, NULL, NULL, NULL, NULL, NULL, NULL, NULL, NULL, 'W', NULL, NULL, NULL, 0, NULL, NULL, NULL, NULL, NULL, NULL, NULL, NULL, NULL, NULL, NULL, NULL, NULL, NULL, 1, 1, '2023-09-04 16:47:17', '2023-12-10 08:15:05', 1, 1),
(36, 'SBI', '2023-12-11 11:39:21', 'VISA Master', 'PPL', 'CUP', 'ratione', '0000-00-00 00:00:00', '0000-00-00 00:00:00', '2023-12-11 11:39:21', '2023-12-11 11:39:21', 'Address1_et', 'Address2_et', 'Address3_id', 'Add_c_ut', 'Address_s_ea', NULL, NULL, NULL, NULL, '0000-00-00 00:00:00', '0000-00-00 00:00:00', '0000-00-00 00:00:00', '0000-00-00 00:00:00', NULL, NULL, NULL, NULL, NULL, NULL, NULL, NULL, NULL, NULL, 'N', NULL, NULL, NULL, 0, NULL, NULL, NULL, NULL, NULL, NULL, NULL, NULL, NULL, NULL, NULL, NULL, NULL, NULL, 1, 1, '2023-11-07 12:00:40', '2023-12-10 08:15:05', 8, 1),
(37, 'IDFC', '2023-12-11 11:39:21', 'VISA Master', 'FPL', 'MC', 'numquam', '0000-00-00 00:00:00', '0000-00-00 00:00:00', '2023-12-11 11:39:21', '2023-12-11 11:39:21', 'Address1_ut', 'Address2_ut', 'Address3_ea', 'Add_c_ex', 'Address_s_et', NULL, NULL, NULL, NULL, '0000-00-00 00:00:00', '0000-00-00 00:00:00', '0000-00-00 00:00:00', '0000-00-00 00:00:00', NULL, NULL, NULL, NULL, NULL, NULL, NULL, NULL, NULL, NULL, 'C', NULL, NULL, NULL, 0, NULL, NULL, NULL, NULL, NULL, NULL, NULL, NULL, NULL, NULL, NULL, NULL, NULL, NULL, 1, 1, '2023-10-19 07:18:54', '2023-12-10 08:15:05', 6, 1),
(38, 'HDFC', '2023-12-11 11:39:21', 'VISA Master', 'PPL', 'CUP', 'laborum', '0000-00-00 00:00:00', '0000-00-00 00:00:00', '2023-12-11 11:39:21', '2023-12-11 11:39:21', 'Address1_et', 'Address2_et', 'Address3_id', 'Add_c_ut', 'Address_s_ut', NULL, NULL, NULL, NULL, '0000-00-00 00:00:00', '0000-00-00 00:00:00', '0000-00-00 00:00:00', '0000-00-00 00:00:00', NULL, NULL, NULL, NULL, NULL, NULL, NULL, NULL, NULL, NULL, 'R', NULL, NULL, NULL, 0, NULL, NULL, NULL, NULL, NULL, NULL, NULL, NULL, NULL, NULL, NULL, NULL, NULL, NULL, 1, 1, '2023-11-06 10:20:12', '2023-12-10 08:15:05', 1, 1),
(39, 'SBI', '2023-12-11 11:39:21', 'VISA Master', 'GPL', 'VISA', 'tempore', '0000-00-00 00:00:00', '0000-00-00 00:00:00', '2023-12-11 11:39:21', '2023-12-11 11:39:21', 'Address1_ea', 'Address2_et', 'Address3_et', 'Add_c_ea', 'Address_s_ut', NULL, NULL, NULL, NULL, '0000-00-00 00:00:00', '0000-00-00 00:00:00', '0000-00-00 00:00:00', '0000-00-00 00:00:00', NULL, NULL, NULL, NULL, NULL, NULL, NULL, NULL, NULL, NULL, 'R', NULL, NULL, NULL, 0, NULL, NULL, NULL, NULL, NULL, NULL, NULL, NULL, NULL, NULL, NULL, NULL, NULL, NULL, 1, 1, '2023-10-17 20:24:33', '2023-12-10 08:15:05', 10, 1),
(40, 'IDFC', '2023-12-11 11:39:21', 'VISA Master', 'PPL', 'AMEX', 'aperiam', '0000-00-00 00:00:00', '0000-00-00 00:00:00', '2023-12-11 11:39:21', '2023-12-11 11:39:21', 'Address1_ad', 'Address2_et', 'Address3_et', 'Add_c_et', 'Address_s_ad', NULL, NULL, NULL, NULL, '0000-00-00 00:00:00', '0000-00-00 00:00:00', '0000-00-00 00:00:00', '0000-00-00 00:00:00', NULL, NULL, NULL, NULL, NULL, NULL, NULL, NULL, NULL, NULL, 'N', NULL, NULL, NULL, 0, NULL, NULL, NULL, NULL, NULL, NULL, NULL, NULL, NULL, NULL, NULL, NULL, NULL, NULL, 1, 1, '2023-12-08 02:48:35', '2023-12-10 08:15:05', 1, 1),
(41, 'SBI', '2023-12-11 11:39:21', 'Platinum', 'FPL', 'MC', 'tempore', '0000-00-00 00:00:00', '0000-00-00 00:00:00', '2023-12-11 11:39:21', '2023-12-11 11:39:21', 'Address1_ut', 'Address2_id', 'Address3_et', 'Add_c_ut', 'Address_s_et', NULL, NULL, NULL, NULL, '0000-00-00 00:00:00', '0000-00-00 00:00:00', '0000-00-00 00:00:00', '0000-00-00 00:00:00', NULL, NULL, NULL, NULL, NULL, NULL, NULL, NULL, NULL, NULL, 'C', NULL, NULL, NULL, 0, NULL, NULL, NULL, NULL, NULL, NULL, NULL, NULL, NULL, NULL, NULL, NULL, NULL, NULL, 1, 1, '2023-11-26 03:12:36', '2023-12-10 08:15:05', 7, 1),
(42, 'IDFC', '2023-12-11 11:39:21', 'VISA Master', 'PPL', 'MC', 'aliquid', '0000-00-00 00:00:00', '0000-00-00 00:00:00', '2023-12-11 11:39:21', '2023-12-11 11:39:21', 'Address1_ab', 'Address2_at', 'Address3_et', 'Add_c_ut', 'Address_s_et', NULL, NULL, NULL, NULL, '0000-00-00 00:00:00', '0000-00-00 00:00:00', '0000-00-00 00:00:00', '0000-00-00 00:00:00', NULL, NULL, NULL, NULL, NULL, NULL, NULL, NULL, NULL, NULL, 'R', NULL, NULL, NULL, 0, NULL, NULL, NULL, NULL, NULL, NULL, NULL, NULL, NULL, NULL, NULL, NULL, NULL, NULL, 1, 1, '2023-09-06 13:55:37', '2023-12-10 08:15:05', 8, 1),
(43, 'SBI', '2023-12-11 11:39:21', 'VISA Master', 'FPL', 'VISA', 'commodi', '0000-00-00 00:00:00', '0000-00-00 00:00:00', '2023-12-11 11:39:21', '2023-12-11 11:39:21', 'Address1_et', 'Address2_id', 'Address3_ab', 'Add_c_ut', 'Address_s_ut', NULL, NULL, NULL, NULL, '0000-00-00 00:00:00', '0000-00-00 00:00:00', '0000-00-00 00:00:00', '0000-00-00 00:00:00', NULL, NULL, NULL, NULL, NULL, NULL, NULL, NULL, NULL, NULL, 'C', NULL, NULL, NULL, 0, NULL, NULL, NULL, NULL, NULL, NULL, NULL, NULL, NULL, NULL, NULL, NULL, NULL, NULL, 1, 1, '2023-10-15 20:27:48', '2023-12-10 08:15:05', 5, 1),
(44, 'SBI', '2023-12-11 11:39:21', 'Platinum', 'PPL', 'VISA', 'numquam', '0000-00-00 00:00:00', '0000-00-00 00:00:00', '2023-12-11 11:39:21', '2023-12-11 11:39:21', 'Address1_ad', 'Address2_et', 'Address3_ut', 'Add_c_et', 'Address_s_et', NULL, NULL, NULL, NULL, '0000-00-00 00:00:00', '0000-00-00 00:00:00', '0000-00-00 00:00:00', '0000-00-00 00:00:00', NULL, NULL, NULL, NULL, NULL, NULL, NULL, NULL, NULL, NULL, 'C', NULL, NULL, NULL, 0, NULL, NULL, NULL, NULL, NULL, NULL, NULL, NULL, NULL, NULL, NULL, NULL, NULL, NULL, 1, 1, '2023-09-28 08:38:35', '2023-12-10 08:15:05', 10, 1),
(45, 'IDFC', '2023-12-11 11:39:21', 'VISA Master', 'FPL', 'MC', 'officia', '0000-00-00 00:00:00', '0000-00-00 00:00:00', '2023-12-11 11:39:21', '2023-12-11 11:39:21', 'Address1_id', 'Address2_in', 'Address3_ut', 'Add_c_et', 'Address_s_id', NULL, NULL, NULL, NULL, '0000-00-00 00:00:00', '0000-00-00 00:00:00', '0000-00-00 00:00:00', '0000-00-00 00:00:00', NULL, NULL, NULL, NULL, NULL, NULL, NULL, NULL, NULL, NULL, 'C', NULL, NULL, NULL, 0, NULL, NULL, NULL, NULL, NULL, NULL, NULL, NULL, NULL, NULL, NULL, NULL, NULL, NULL, 1, 1, '2023-09-27 04:57:04', '2023-12-10 08:15:05', 8, 1),
(46, 'SBI', '2023-12-11 11:39:21', 'Platinum', 'PPL', 'JCB', 'numquam', '0000-00-00 00:00:00', '0000-00-00 00:00:00', '2023-12-11 11:39:21', '2023-12-11 11:39:21', 'Address1_ut', 'Address2_et', 'Address3_in', 'Add_c_et', 'Address_s_ut', NULL, NULL, NULL, NULL, '0000-00-00 00:00:00', '0000-00-00 00:00:00', '0000-00-00 00:00:00', '0000-00-00 00:00:00', NULL, NULL, NULL, NULL, NULL, NULL, NULL, NULL, NULL, NULL, 'W', NULL, NULL, NULL, 0, NULL, NULL, NULL, NULL, NULL, NULL, NULL, NULL, NULL, NULL, NULL, NULL, NULL, NULL, 1, 1, '2023-11-27 11:03:13', '2023-12-10 08:15:05', 8, 1),
(47, 'HDFC', '2023-12-11 11:39:21', 'VISA Master', 'PPL', 'VISA', 'tempore', '0000-00-00 00:00:00', '0000-00-00 00:00:00', '2023-12-11 11:39:21', '2023-12-11 11:39:21', 'Address1_ea', 'Address2_ut', 'Address3_at', 'Add_c_in', 'Address_s_ea', NULL, NULL, NULL, NULL, '0000-00-00 00:00:00', '0000-00-00 00:00:00', '0000-00-00 00:00:00', '0000-00-00 00:00:00', NULL, NULL, NULL, NULL, NULL, NULL, NULL, NULL, NULL, NULL, 'R', NULL, NULL, NULL, 0, NULL, NULL, NULL, NULL, NULL, NULL, NULL, NULL, NULL, NULL, NULL, NULL, NULL, NULL, 1, 1, '2023-10-24 12:53:32', '2023-12-10 08:15:05', 7, 1),
(48, 'HDFC', '2023-12-11 11:39:21', 'VISA Master', 'GPL', 'AMEX', 'commodi', '0000-00-00 00:00:00', '0000-00-00 00:00:00', '2023-12-11 11:39:21', '2023-12-11 11:39:21', 'Address1_ut', 'Address2_et', 'Address3_id', 'Add_c_at', 'Address_s_id', NULL, NULL, NULL, NULL, '0000-00-00 00:00:00', '0000-00-00 00:00:00', '0000-00-00 00:00:00', '0000-00-00 00:00:00', NULL, NULL, NULL, NULL, NULL, NULL, NULL, NULL, NULL, NULL, 'N', NULL, NULL, NULL, 0, NULL, NULL, NULL, NULL, NULL, NULL, NULL, NULL, NULL, NULL, NULL, NULL, NULL, NULL, 1, 1, '2023-11-08 01:21:59', '2023-12-10 08:15:05', 6, 1),
(49, 'SBI', '2023-12-11 11:39:21', 'VISA Master', 'FPL', 'CUP', 'officia', '0000-00-00 00:00:00', '0000-00-00 00:00:00', '2023-12-11 11:39:21', '2023-12-11 11:39:21', 'Address1_et', 'Address2_ut', 'Address3_et', 'Add_c_ut', 'Address_s_ut', NULL, NULL, NULL, NULL, '0000-00-00 00:00:00', '0000-00-00 00:00:00', '0000-00-00 00:00:00', '0000-00-00 00:00:00', NULL, NULL, NULL, NULL, NULL, NULL, NULL, NULL, NULL, NULL, 'W', NULL, NULL, NULL, 0, NULL, NULL, NULL, NULL, NULL, NULL, NULL, NULL, NULL, NULL, NULL, NULL, NULL, NULL, 1, 1, '2023-10-10 00:25:23', '2023-12-10 08:15:05', 4, 1),
(50, 'IDFC', '2023-12-11 11:39:21', 'VISA Master', 'GPL', 'JCB', 'facilis', '0000-00-00 00:00:00', '0000-00-00 00:00:00', '2023-12-11 11:39:21', '2023-12-11 11:39:21', 'Address1_et', 'Address2_ut', 'Address3_ut', 'Add_c_ut', 'Address_s_in', NULL, NULL, NULL, NULL, '0000-00-00 00:00:00', '0000-00-00 00:00:00', '0000-00-00 00:00:00', '0000-00-00 00:00:00', NULL, NULL, NULL, NULL, NULL, NULL, NULL, NULL, NULL, NULL, 'W', NULL, NULL, NULL, 0, NULL, NULL, NULL, NULL, NULL, NULL, NULL, NULL, NULL, NULL, NULL, NULL, NULL, NULL, 1, 1, '2023-12-02 10:57:04', '2023-12-10 08:15:05', 6, 1),
(51, 'HDFC', '2023-12-11 11:39:21', 'Platinum', 'FPL', 'JCB', 'numquam', '0000-00-00 00:00:00', '0000-00-00 00:00:00', '2023-12-11 11:39:21', '2023-12-11 11:39:21', 'Address1_ut', 'Address2_ea', 'Address3_ut', 'Add_c_et', 'Address_s_ad', NULL, NULL, NULL, NULL, '0000-00-00 00:00:00', '0000-00-00 00:00:00', '0000-00-00 00:00:00', '0000-00-00 00:00:00', NULL, NULL, NULL, NULL, NULL, NULL, NULL, NULL, NULL, NULL, 'N', NULL, NULL, NULL, 0, NULL, NULL, NULL, NULL, NULL, NULL, NULL, NULL, NULL, NULL, NULL, NULL, NULL, NULL, 1, 1, '2023-10-18 22:56:07', '2023-12-10 08:15:05', 1, 1),
(52, 'HDFC', '2023-12-11 11:39:21', 'Platinum', 'PPL', 'JCB', 'tenetur', '0000-00-00 00:00:00', '0000-00-00 00:00:00', '2023-12-11 11:39:21', '2023-12-11 11:39:21', 'Address1_et', 'Address2_et', 'Address3_et', 'Add_c_et', 'Address_s_et', NULL, NULL, NULL, NULL, '0000-00-00 00:00:00', '0000-00-00 00:00:00', '0000-00-00 00:00:00', '0000-00-00 00:00:00', NULL, NULL, NULL, NULL, NULL, NULL, NULL, NULL, NULL, NULL, 'R', NULL, NULL, NULL, 0, NULL, NULL, NULL, NULL, NULL, NULL, NULL, NULL, NULL, NULL, NULL, NULL, NULL, NULL, 1, 1, '2023-09-11 19:38:34', '2023-12-10 08:15:05', 8, 1),
(53, 'HDFC', '2023-12-11 11:39:21', 'Platinum', 'PPL', 'JCB', 'tempore', '0000-00-00 00:00:00', '0000-00-00 00:00:00', '2023-12-11 11:39:21', '2023-12-11 11:39:21', 'Address1_id', 'Address2_in', 'Address3_et', 'Add_c_ut', 'Address_s_ut', NULL, NULL, NULL, NULL, '0000-00-00 00:00:00', '0000-00-00 00:00:00', '0000-00-00 00:00:00', '0000-00-00 00:00:00', NULL, NULL, NULL, NULL, NULL, NULL, NULL, NULL, NULL, NULL, 'W', NULL, NULL, NULL, 0, NULL, NULL, NULL, NULL, NULL, NULL, NULL, NULL, NULL, NULL, NULL, NULL, NULL, NULL, 1, 1, '2023-11-03 14:46:51', '2023-12-10 08:15:05', 2, 1),
(54, 'HDFC', '2023-12-11 11:39:21', 'VISA Master', 'PPL', 'MC', 'officia', '0000-00-00 00:00:00', '0000-00-00 00:00:00', '2023-12-11 11:39:21', '2023-12-11 11:39:21', 'Address1_et', 'Address2_ut', 'Address3_ut', 'Add_c_ut', 'Address_s_et', NULL, NULL, NULL, NULL, '0000-00-00 00:00:00', '0000-00-00 00:00:00', '0000-00-00 00:00:00', '0000-00-00 00:00:00', NULL, NULL, NULL, NULL, NULL, NULL, NULL, NULL, NULL, NULL, 'R', NULL, NULL, NULL, 0, NULL, NULL, NULL, NULL, NULL, NULL, NULL, NULL, NULL, NULL, NULL, NULL, NULL, NULL, 1, 1, '2023-10-26 07:56:20', '2023-12-10 08:15:05', 2, 1),
(55, 'SBI', '2023-12-11 11:39:21', 'VISA Master', 'FPL', 'CUP', 'eveniet', '0000-00-00 00:00:00', '0000-00-00 00:00:00', '2023-12-11 11:39:21', '2023-12-11 11:39:21', 'Address1_et', 'Address2_at', 'Address3_ad', 'Add_c_et', 'Address_s_ad', NULL, NULL, NULL, NULL, '0000-00-00 00:00:00', '0000-00-00 00:00:00', '0000-00-00 00:00:00', '0000-00-00 00:00:00', NULL, NULL, NULL, NULL, NULL, NULL, NULL, NULL, NULL, NULL, 'C', NULL, NULL, NULL, 0, NULL, NULL, NULL, NULL, NULL, NULL, NULL, NULL, NULL, NULL, NULL, NULL, NULL, NULL, 1, 1, '2023-11-19 14:37:12', '2023-12-10 08:15:05', 9, 1),
(56, 'HDFC', '2023-12-11 11:39:21', 'Platinum', 'FPL', 'AMEX', 'dolores', '0000-00-00 00:00:00', '0000-00-00 00:00:00', '2023-12-11 11:39:21', '2023-12-11 11:39:21', 'Address1_ad', 'Address2_ex', 'Address3_et', 'Add_c_ut', 'Address_s_et', NULL, NULL, NULL, NULL, '0000-00-00 00:00:00', '0000-00-00 00:00:00', '0000-00-00 00:00:00', '0000-00-00 00:00:00', NULL, NULL, NULL, NULL, NULL, NULL, NULL, NULL, NULL, NULL, 'C', NULL, NULL, NULL, 0, NULL, NULL, NULL, NULL, NULL, NULL, NULL, NULL, NULL, NULL, NULL, NULL, NULL, NULL, 1, 1, '2023-10-21 05:54:00', '2023-12-10 08:15:05', 5, 1),
(57, 'IDFC', '2023-12-11 11:39:21', 'VISA Master', 'PPL', 'AMEX', 'commodi', '0000-00-00 00:00:00', '0000-00-00 00:00:00', '2023-12-11 11:39:21', '2023-12-11 11:39:21', 'Address1_ad', 'Address2_in', 'Address3_ex', 'Add_c_id', 'Address_s_et', NULL, NULL, NULL, NULL, '0000-00-00 00:00:00', '0000-00-00 00:00:00', '0000-00-00 00:00:00', '0000-00-00 00:00:00', NULL, NULL, NULL, NULL, NULL, NULL, NULL, NULL, NULL, NULL, 'W', NULL, NULL, NULL, 0, NULL, NULL, NULL, NULL, NULL, NULL, NULL, NULL, NULL, NULL, NULL, NULL, NULL, NULL, 1, 1, '2023-10-04 21:49:56', '2023-12-10 08:15:05', 6, 1),
(58, 'HDFC', '2023-12-11 11:39:21', 'VISA Master', 'GPL', 'CUP', 'numquam', '0000-00-00 00:00:00', '0000-00-00 00:00:00', '2023-12-11 11:39:21', '2023-12-11 11:39:21', 'Address1_et', 'Address2_ut', 'Address3_in', 'Add_c_et', 'Address_s_et', NULL, NULL, NULL, NULL, '0000-00-00 00:00:00', '0000-00-00 00:00:00', '0000-00-00 00:00:00', '0000-00-00 00:00:00', NULL, NULL, NULL, NULL, NULL, NULL, NULL, NULL, NULL, NULL, 'R', NULL, NULL, NULL, 0, NULL, NULL, NULL, NULL, NULL, NULL, NULL, NULL, NULL, NULL, NULL, NULL, NULL, NULL, 1, 1, '2023-10-31 12:23:37', '2023-12-10 08:15:05', 6, 1),
(59, 'IDFC', '2023-12-11 11:39:21', 'Platinum', 'GPL', 'CUP', 'commodi', '0000-00-00 00:00:00', '0000-00-00 00:00:00', '2023-12-11 11:39:21', '2023-12-11 11:39:21', 'Address1_et', 'Address2_ut', 'Address3_ut', 'Add_c_ut', 'Address_s_et', NULL, NULL, NULL, NULL, '0000-00-00 00:00:00', '0000-00-00 00:00:00', '0000-00-00 00:00:00', '0000-00-00 00:00:00', NULL, NULL, NULL, NULL, NULL, NULL, NULL, NULL, NULL, NULL, 'R', NULL, NULL, NULL, 0, NULL, NULL, NULL, NULL, NULL, NULL, NULL, NULL, NULL, NULL, NULL, NULL, NULL, NULL, 1, 1, '2023-10-25 15:23:30', '2023-12-10 08:15:05', 2, 1),
(60, 'IDFC', '2023-12-11 11:39:21', 'VISA Master', 'FPL', 'JCB', 'ducimus', '0000-00-00 00:00:00', '0000-00-00 00:00:00', '2023-12-11 11:39:21', '2023-12-11 11:39:21', 'Address1_et', 'Address2_ea', 'Address3_et', 'Add_c_ad', 'Address_s_in', NULL, NULL, NULL, NULL, '0000-00-00 00:00:00', '0000-00-00 00:00:00', '0000-00-00 00:00:00', '0000-00-00 00:00:00', NULL, NULL, NULL, NULL, NULL, NULL, NULL, NULL, NULL, NULL, 'N', NULL, NULL, NULL, 0, NULL, NULL, NULL, NULL, NULL, NULL, NULL, NULL, NULL, NULL, NULL, NULL, NULL, NULL, 1, 1, '2023-10-07 15:02:19', '2023-12-10 08:15:05', 3, 1),
(61, 'SBI', '2023-12-11 11:39:21', 'Platinum', 'PPL', 'CUP', 'tempora', '0000-00-00 00:00:00', '0000-00-00 00:00:00', '2023-12-11 11:39:21', '2023-12-11 11:39:21', 'Address1_et', 'Address2_ut', 'Address3_at', 'Add_c_ea', 'Address_s_in', NULL, NULL, NULL, NULL, '0000-00-00 00:00:00', '0000-00-00 00:00:00', '0000-00-00 00:00:00', '0000-00-00 00:00:00', NULL, NULL, NULL, NULL, NULL, NULL, NULL, NULL, NULL, NULL, 'N', NULL, NULL, NULL, 0, NULL, NULL, NULL, NULL, NULL, NULL, NULL, NULL, NULL, NULL, NULL, NULL, NULL, NULL, 1, 1, '2023-11-01 13:30:48', '2023-12-10 08:15:05', 1, 1),
(62, 'IDFC', '2023-12-11 11:39:21', 'Platinum', 'GPL', 'JCB', 'aperiam', '0000-00-00 00:00:00', '0000-00-00 00:00:00', '2023-12-11 11:39:21', '2023-12-11 11:39:21', 'Address1_at', 'Address2_et', 'Address3_ad', 'Add_c_et', 'Address_s_ad', NULL, NULL, NULL, NULL, '0000-00-00 00:00:00', '0000-00-00 00:00:00', '0000-00-00 00:00:00', '0000-00-00 00:00:00', NULL, NULL, NULL, NULL, NULL, NULL, NULL, NULL, NULL, NULL, 'C', NULL, NULL, NULL, 0, NULL, NULL, NULL, NULL, NULL, NULL, NULL, NULL, NULL, NULL, NULL, NULL, NULL, NULL, 1, 1, '2023-09-18 02:01:59', '2023-12-10 08:15:05', 8, 1),
(63, 'SBI', '2023-12-11 11:39:21', 'VISA Master', 'GPL', 'AMEX', 'ducimus', '0000-00-00 00:00:00', '0000-00-00 00:00:00', '2023-12-11 11:39:21', '2023-12-11 11:39:21', 'Address1_ut', 'Address2_ea', 'Address3_et', 'Add_c_ea', 'Address_s_et', NULL, NULL, NULL, NULL, '0000-00-00 00:00:00', '0000-00-00 00:00:00', '0000-00-00 00:00:00', '0000-00-00 00:00:00', NULL, NULL, NULL, NULL, NULL, NULL, NULL, NULL, NULL, NULL, 'W', NULL, NULL, NULL, 0, NULL, NULL, NULL, NULL, NULL, NULL, NULL, NULL, NULL, NULL, NULL, NULL, NULL, NULL, 1, 1, '2023-11-23 08:25:22', '2023-12-10 08:15:05', 2, 1),
(64, 'HDFC', '2023-12-11 11:39:21', 'Platinum', 'PPL', 'AMEX', 'aperiam', '0000-00-00 00:00:00', '0000-00-00 00:00:00', '2023-12-11 11:39:21', '2023-12-11 11:39:21', 'Address1_id', 'Address2_et', 'Address3_ut', 'Add_c_et', 'Address_s_ut', NULL, NULL, NULL, NULL, '0000-00-00 00:00:00', '0000-00-00 00:00:00', '0000-00-00 00:00:00', '0000-00-00 00:00:00', NULL, NULL, NULL, NULL, NULL, NULL, NULL, NULL, NULL, NULL, 'W', NULL, NULL, NULL, 0, NULL, NULL, NULL, NULL, NULL, NULL, NULL, NULL, NULL, NULL, NULL, NULL, NULL, NULL, 1, 1, '2023-11-23 10:27:13', '2023-12-10 08:15:05', 5, 1),
(65, 'SBI', '2023-12-11 11:39:21', 'Platinum', 'GPL', 'VISA', 'officia', '0000-00-00 00:00:00', '0000-00-00 00:00:00', '2023-12-11 11:39:21', '2023-12-11 11:39:21', 'Address1_et', 'Address2_ea', 'Address3_et', 'Add_c_ea', 'Address_s_in', NULL, NULL, NULL, NULL, '0000-00-00 00:00:00', '0000-00-00 00:00:00', '0000-00-00 00:00:00', '0000-00-00 00:00:00', NULL, NULL, NULL, NULL, NULL, NULL, NULL, NULL, NULL, NULL, 'R', NULL, NULL, NULL, 0, NULL, NULL, NULL, NULL, NULL, NULL, NULL, NULL, NULL, NULL, NULL, NULL, NULL, NULL, 1, 1, '2023-10-23 09:33:32', '2023-12-10 08:15:05', 3, 1),
(66, 'IDFC', '2023-12-11 11:39:21', 'VISA Master', 'GPL', 'CUP', 'quaerat', '0000-00-00 00:00:00', '0000-00-00 00:00:00', '2023-12-11 11:39:21', '2023-12-11 11:39:21', 'Address1_et', 'Address2_ea', 'Address3_et', 'Add_c_et', 'Address_s_et', NULL, NULL, NULL, NULL, '0000-00-00 00:00:00', '0000-00-00 00:00:00', '0000-00-00 00:00:00', '0000-00-00 00:00:00', NULL, NULL, NULL, NULL, NULL, NULL, NULL, NULL, NULL, NULL, 'C', NULL, NULL, NULL, 0, NULL, NULL, NULL, NULL, NULL, NULL, NULL, NULL, NULL, NULL, NULL, NULL, NULL, NULL, 1, 1, '2023-11-20 03:23:42', '2023-12-10 08:15:05', 8, 1),
(67, 'HDFC', '2023-12-11 11:39:21', 'Platinum', 'FPL', 'VISA', 'debitis', '0000-00-00 00:00:00', '0000-00-00 00:00:00', '2023-12-11 11:39:21', '2023-12-11 11:39:21', 'Address1_et', 'Address2_et', 'Address3_in', 'Add_c_ut', 'Address_s_et', NULL, NULL, NULL, NULL, '0000-00-00 00:00:00', '0000-00-00 00:00:00', '0000-00-00 00:00:00', '0000-00-00 00:00:00', NULL, NULL, NULL, NULL, NULL, NULL, NULL, NULL, NULL, NULL, 'R', NULL, NULL, NULL, 0, NULL, NULL, NULL, NULL, NULL, NULL, NULL, NULL, NULL, NULL, NULL, NULL, NULL, NULL, 1, 1, '2023-11-15 22:39:38', '2023-12-10 08:15:05', 8, 1),
(68, 'HDFC', '2023-12-11 11:39:21', 'Platinum', 'PPL', 'MC', 'numquam', '0000-00-00 00:00:00', '0000-00-00 00:00:00', '2023-12-11 11:39:21', '2023-12-11 11:39:21', 'Address1_id', 'Address2_et', 'Address3_ut', 'Add_c_et', 'Address_s_in', NULL, NULL, NULL, NULL, '0000-00-00 00:00:00', '0000-00-00 00:00:00', '0000-00-00 00:00:00', '0000-00-00 00:00:00', NULL, NULL, NULL, NULL, NULL, NULL, NULL, NULL, NULL, NULL, 'R', NULL, NULL, NULL, 0, NULL, NULL, NULL, NULL, NULL, NULL, NULL, NULL, NULL, NULL, NULL, NULL, NULL, NULL, 1, 1, '2023-10-21 12:33:41', '2023-12-10 08:15:05', 6, 1),
(69, 'SBI', '2023-12-11 11:39:21', 'Platinum', 'PPL', 'VISA', 'eveniet', '0000-00-00 00:00:00', '0000-00-00 00:00:00', '2023-12-11 11:39:21', '2023-12-11 11:39:21', 'Address1_et', 'Address2_ut', 'Address3_et', 'Add_c_ad', 'Address_s_ut', NULL, NULL, NULL, NULL, '0000-00-00 00:00:00', '0000-00-00 00:00:00', '0000-00-00 00:00:00', '0000-00-00 00:00:00', NULL, NULL, NULL, NULL, NULL, NULL, NULL, NULL, NULL, NULL, 'C', NULL, NULL, NULL, 0, NULL, NULL, NULL, NULL, NULL, NULL, NULL, NULL, NULL, NULL, NULL, NULL, NULL, NULL, 1, 1, '2023-09-18 23:58:50', '2023-12-10 08:15:05', 10, 1),
(70, 'HDFC', '2023-12-11 11:39:21', 'VISA Master', 'FPL', 'CUP', 'debitis', '0000-00-00 00:00:00', '0000-00-00 00:00:00', '2023-12-11 11:39:21', '2023-12-11 11:39:21', 'Address1_et', 'Address2_ab', 'Address3_et', 'Add_c_ab', 'Address_s_et', NULL, NULL, NULL, NULL, '0000-00-00 00:00:00', '0000-00-00 00:00:00', '0000-00-00 00:00:00', '0000-00-00 00:00:00', NULL, NULL, NULL, NULL, NULL, NULL, NULL, NULL, NULL, NULL, 'N', NULL, NULL, NULL, 0, NULL, NULL, NULL, NULL, NULL, NULL, NULL, NULL, NULL, NULL, NULL, NULL, NULL, NULL, 1, 1, '2023-09-08 18:08:39', '2023-12-10 08:15:05', 10, 1),
(71, 'IDFC', '2023-12-11 11:39:21', 'VISA Master', 'FPL', 'CUP', 'maiores', '0000-00-00 00:00:00', '0000-00-00 00:00:00', '2023-12-11 11:39:21', '2023-12-11 11:39:21', 'Address1_et', 'Address2_in', 'Address3_ut', 'Add_c_in', 'Address_s_ea', NULL, NULL, NULL, NULL, '0000-00-00 00:00:00', '0000-00-00 00:00:00', '0000-00-00 00:00:00', '0000-00-00 00:00:00', NULL, NULL, NULL, NULL, NULL, NULL, NULL, NULL, NULL, NULL, 'W', NULL, NULL, NULL, 0, NULL, NULL, NULL, NULL, NULL, NULL, NULL, NULL, NULL, NULL, NULL, NULL, NULL, NULL, 1, 1, '2023-10-19 03:42:32', '2023-12-10 08:15:05', 1, 1),
(72, 'SBI', '2023-12-11 11:39:21', 'Platinum', 'GPL', 'VISA', 'dolorum', '0000-00-00 00:00:00', '0000-00-00 00:00:00', '2023-12-11 11:39:21', '2023-12-11 11:39:21', 'Address1_et', 'Address2_et', 'Address3_et', 'Add_c_et', 'Address_s_et', NULL, NULL, NULL, NULL, '0000-00-00 00:00:00', '0000-00-00 00:00:00', '0000-00-00 00:00:00', '0000-00-00 00:00:00', NULL, NULL, NULL, NULL, NULL, NULL, NULL, NULL, NULL, NULL, 'R', NULL, NULL, NULL, 0, NULL, NULL, NULL, NULL, NULL, NULL, NULL, NULL, NULL, NULL, NULL, NULL, NULL, NULL, 1, 1, '2023-11-17 03:36:04', '2023-12-10 08:15:05', 5, 1),
(73, 'IDFC', '2023-12-11 11:39:21', 'VISA Master', 'FPL', 'MC', 'ratione', '0000-00-00 00:00:00', '0000-00-00 00:00:00', '2023-12-11 11:39:21', '2023-12-11 11:39:21', 'Address1_ut', 'Address2_et', 'Address3_ea', 'Add_c_et', 'Address_s_et', NULL, NULL, NULL, NULL, '0000-00-00 00:00:00', '0000-00-00 00:00:00', '0000-00-00 00:00:00', '0000-00-00 00:00:00', NULL, NULL, NULL, NULL, NULL, NULL, NULL, NULL, NULL, NULL, 'W', NULL, NULL, NULL, 0, NULL, NULL, NULL, NULL, NULL, NULL, NULL, NULL, NULL, NULL, NULL, NULL, NULL, NULL, 1, 1, '2023-10-29 20:32:26', '2023-12-10 08:15:05', 10, 1),
(74, 'IDFC', '2023-12-11 11:39:21', 'VISA Master', 'FPL', 'AMEX', 'ducimus', '0000-00-00 00:00:00', '0000-00-00 00:00:00', '2023-12-11 11:39:21', '2023-12-11 11:39:21', 'Address1_et', 'Address2_ut', 'Address3_et', 'Add_c_id', 'Address_s_et', NULL, NULL, NULL, NULL, '0000-00-00 00:00:00', '0000-00-00 00:00:00', '0000-00-00 00:00:00', '0000-00-00 00:00:00', NULL, NULL, NULL, NULL, NULL, NULL, NULL, NULL, NULL, NULL, 'C', NULL, NULL, NULL, 0, NULL, NULL, NULL, NULL, NULL, NULL, NULL, NULL, NULL, NULL, NULL, NULL, NULL, NULL, 1, 1, '2023-10-27 02:34:22', '2023-12-10 08:15:05', 8, 1),
(75, 'SBI', '2023-12-11 11:39:21', 'Platinum', 'GPL', 'JCB', 'tempora', '0000-00-00 00:00:00', '0000-00-00 00:00:00', '2023-12-11 11:39:21', '2023-12-11 11:39:21', 'Address1_et', 'Address2_ut', 'Address3_et', 'Add_c_at', 'Address_s_et', NULL, NULL, NULL, NULL, '0000-00-00 00:00:00', '0000-00-00 00:00:00', '0000-00-00 00:00:00', '0000-00-00 00:00:00', NULL, NULL, NULL, NULL, NULL, NULL, NULL, NULL, NULL, NULL, 'W', NULL, NULL, NULL, 0, NULL, NULL, NULL, NULL, NULL, NULL, NULL, NULL, NULL, NULL, NULL, NULL, NULL, NULL, 1, 1, '2023-09-21 00:09:31', '2023-12-10 08:15:05', 1, 1),
(76, 'SBI', '2023-12-11 11:39:21', 'VISA Master', 'PPL', 'JCB', 'dolorum', '0000-00-00 00:00:00', '0000-00-00 00:00:00', '2023-12-11 11:39:21', '2023-12-11 11:39:21', 'Address1_ea', 'Address2_ut', 'Address3_ut', 'Add_c_ut', 'Address_s_id', NULL, NULL, NULL, NULL, '0000-00-00 00:00:00', '0000-00-00 00:00:00', '0000-00-00 00:00:00', '0000-00-00 00:00:00', NULL, NULL, NULL, NULL, NULL, NULL, NULL, NULL, NULL, NULL, 'N', NULL, NULL, NULL, 0, NULL, NULL, NULL, NULL, NULL, NULL, NULL, NULL, NULL, NULL, NULL, NULL, NULL, NULL, 1, 1, '2023-09-27 03:16:22', '2023-12-10 08:15:05', 3, 1),
(77, 'HDFC', '2023-12-11 11:39:21', 'Platinum', 'GPL', 'MC', 'commodi', '0000-00-00 00:00:00', '0000-00-00 00:00:00', '2023-12-11 11:39:21', '2023-12-11 11:39:21', 'Address1_et', 'Address2_ut', 'Address3_et', 'Add_c_et', 'Address_s_in', NULL, NULL, NULL, NULL, '0000-00-00 00:00:00', '0000-00-00 00:00:00', '0000-00-00 00:00:00', '0000-00-00 00:00:00', NULL, NULL, NULL, NULL, NULL, NULL, NULL, NULL, NULL, NULL, 'C', NULL, NULL, NULL, 0, NULL, NULL, NULL, NULL, NULL, NULL, NULL, NULL, NULL, NULL, NULL, NULL, NULL, NULL, 1, 1, '2023-09-11 06:05:00', '2023-12-10 08:15:05', 7, 1),
(78, 'IDFC', '2023-12-11 11:39:21', 'VISA Master', 'FPL', 'MC', 'laborum', '0000-00-00 00:00:00', '0000-00-00 00:00:00', '2023-12-11 11:39:21', '2023-12-11 11:39:21', 'Address1_et', 'Address2_in', 'Address3_ut', 'Add_c_et', 'Address_s_et', NULL, NULL, NULL, NULL, '0000-00-00 00:00:00', '0000-00-00 00:00:00', '0000-00-00 00:00:00', '0000-00-00 00:00:00', NULL, NULL, NULL, NULL, NULL, NULL, NULL, NULL, NULL, NULL, 'W', NULL, NULL, NULL, 0, NULL, NULL, NULL, NULL, NULL, NULL, NULL, NULL, NULL, NULL, NULL, NULL, NULL, NULL, 1, 1, '2023-12-11 02:21:06', '2023-12-10 08:15:05', 9, 1),
(79, 'SBI', '2023-12-11 11:39:21', 'VISA Master', 'PPL', 'CUP', 'tenetur', '0000-00-00 00:00:00', '0000-00-00 00:00:00', '2023-12-11 11:39:21', '2023-12-11 11:39:21', 'Address1_ab', 'Address2_et', 'Address3_ut', 'Add_c_in', 'Address_s_ut', NULL, NULL, NULL, NULL, '0000-00-00 00:00:00', '0000-00-00 00:00:00', '0000-00-00 00:00:00', '0000-00-00 00:00:00', NULL, NULL, NULL, NULL, NULL, NULL, NULL, NULL, NULL, NULL, 'R', NULL, NULL, NULL, 0, NULL, NULL, NULL, NULL, NULL, NULL, NULL, NULL, NULL, NULL, NULL, NULL, NULL, NULL, 1, 1, '2023-09-16 01:48:17', '2023-12-10 08:15:05', 5, 1),
(80, 'IDFC', '2023-12-11 11:39:21', 'Platinum', 'PPL', 'AMEX', 'commodi', '0000-00-00 00:00:00', '0000-00-00 00:00:00', '2023-12-11 11:39:21', '2023-12-11 11:39:21', 'Address1_id', 'Address2_et', 'Address3_ut', 'Add_c_et', 'Address_s_ut', NULL, NULL, NULL, NULL, '0000-00-00 00:00:00', '0000-00-00 00:00:00', '0000-00-00 00:00:00', '0000-00-00 00:00:00', NULL, NULL, NULL, NULL, NULL, NULL, NULL, NULL, NULL, NULL, 'C', NULL, NULL, NULL, 0, NULL, NULL, NULL, NULL, NULL, NULL, NULL, NULL, NULL, NULL, NULL, NULL, NULL, NULL, 1, 1, '2023-10-26 00:26:54', '2023-12-10 08:15:05', 4, 1),
(81, 'HDFC', '2023-12-11 11:39:21', 'Platinum', 'PPL', 'JCB', 'dolores', '0000-00-00 00:00:00', '0000-00-00 00:00:00', '2023-12-11 11:39:21', '2023-12-11 11:39:21', 'Address1_et', 'Address2_at', 'Address3_et', 'Add_c_id', 'Address_s_et', NULL, NULL, NULL, NULL, '0000-00-00 00:00:00', '0000-00-00 00:00:00', '0000-00-00 00:00:00', '0000-00-00 00:00:00', NULL, NULL, NULL, NULL, NULL, NULL, NULL, NULL, NULL, NULL, 'N', NULL, NULL, NULL, 0, NULL, NULL, NULL, NULL, NULL, NULL, NULL, NULL, NULL, NULL, NULL, NULL, NULL, NULL, 1, 1, '2023-10-28 08:57:53', '2023-12-10 08:15:05', 2, 1),
(82, 'IDFC', '2023-12-11 11:39:21', 'Platinum', 'GPL', 'CUP', 'aliquam', '0000-00-00 00:00:00', '0000-00-00 00:00:00', '2023-12-11 11:39:21', '2023-12-11 11:39:21', 'Address1_ab', 'Address2_et', 'Address3_et', 'Add_c_ea', 'Address_s_et', NULL, NULL, NULL, NULL, '0000-00-00 00:00:00', '0000-00-00 00:00:00', '0000-00-00 00:00:00', '0000-00-00 00:00:00', NULL, NULL, NULL, NULL, NULL, NULL, NULL, NULL, NULL, NULL, 'N', NULL, NULL, NULL, 0, NULL, NULL, NULL, NULL, NULL, NULL, NULL, NULL, NULL, NULL, NULL, NULL, NULL, NULL, 1, 1, '2023-12-10 19:00:56', '2023-12-10 08:15:05', 10, 1),
(83, 'SBI', '2023-12-11 11:39:21', 'VISA Master', 'GPL', 'VISA', 'nostrum', '0000-00-00 00:00:00', '0000-00-00 00:00:00', '2023-12-11 11:39:21', '2023-12-11 11:39:21', 'Address1_ut', 'Address2_et', 'Address3_ut', 'Add_c_in', 'Address_s_et', NULL, NULL, NULL, NULL, '0000-00-00 00:00:00', '0000-00-00 00:00:00', '0000-00-00 00:00:00', '0000-00-00 00:00:00', NULL, NULL, NULL, NULL, NULL, NULL, NULL, NULL, NULL, NULL, 'N', NULL, NULL, NULL, 0, NULL, NULL, NULL, NULL, NULL, NULL, NULL, NULL, NULL, NULL, NULL, NULL, NULL, NULL, 1, 1, '2023-11-12 11:22:57', '2023-12-10 08:15:05', 9, 1),
(84, 'SBI', '2023-12-11 11:39:21', 'VISA Master', 'GPL', 'CUP', 'eveniet', '0000-00-00 00:00:00', '0000-00-00 00:00:00', '2023-12-11 11:39:21', '2023-12-11 11:39:21', 'Address1_in', 'Address2_et', 'Address3_at', 'Add_c_ut', 'Address_s_ut', NULL, NULL, NULL, NULL, '0000-00-00 00:00:00', '0000-00-00 00:00:00', '0000-00-00 00:00:00', '0000-00-00 00:00:00', NULL, NULL, NULL, NULL, NULL, NULL, NULL, NULL, NULL, NULL, 'R', NULL, NULL, NULL, 0, NULL, NULL, NULL, NULL, NULL, NULL, NULL, NULL, NULL, NULL, NULL, NULL, NULL, NULL, 1, 1, '2023-10-09 04:34:26', '2023-12-10 08:15:05', 3, 1);
INSERT INTO `cards` (`id`, `Bank`, `Date`, `Product`, `Logo`, `Scheme`, `Name`, `Bureau_Status`, `Courier_Status`, `Bureau_Status_Timestamp`, `Courier_Status_Timestamp`, `Address1`, `Address2`, `Address3`, `City`, `State`, `Pin`, `Mobile`, `Other_Contact`, `Reference_No`, `AWB_No`, `RTO_Address1`, `RTO_Address2`, `RTO_Address3`, `RTO_City`, `RTO_State`, `RTO_Pin`, `Office_Address1`, `Office_Address2`, `Office_Address3`, `Office_City`, `Office_State`, `Office_Pin`, `PA_Flag`, `NRWC_Flag`, `Priority`, `Third_Party`, `Bureau_Code`, `Courier_Code`, `Form_Factor`, `Comments`, `Personalized_NonPersonalized`, `Individual_Bulk_Break`, `Sub_Customer`, `Status`, `If_PULL`, `Field_1`, `Field_2`, `Field_3`, `Field_4`, `Field_5`, `Field_6`, `Field_7`, `createdBy`, `modifiedBy`, `createdAt`, `updatedAt`, `fileMasterId`, `userId`) VALUES
(85, 'IDFC', '2023-12-11 11:39:21', 'VISA Master', 'GPL', 'AMEX', 'dolorem', '0000-00-00 00:00:00', '0000-00-00 00:00:00', '2023-12-11 11:39:21', '2023-12-11 11:39:21', 'Address1_et', 'Address2_et', 'Address3_ea', 'Add_c_ut', 'Address_s_et', NULL, NULL, NULL, NULL, '0000-00-00 00:00:00', '0000-00-00 00:00:00', '0000-00-00 00:00:00', '0000-00-00 00:00:00', NULL, NULL, NULL, NULL, NULL, NULL, NULL, NULL, NULL, NULL, 'N', NULL, NULL, NULL, 0, NULL, NULL, NULL, NULL, NULL, NULL, NULL, NULL, NULL, NULL, NULL, NULL, NULL, NULL, 1, 1, '2023-11-07 12:16:49', '2023-12-10 08:15:05', 3, 1),
(86, 'SBI', '2023-12-11 11:39:21', 'Platinum', 'FPL', 'VISA', 'dolorum', '0000-00-00 00:00:00', '0000-00-00 00:00:00', '2023-12-11 11:39:21', '2023-12-11 11:39:21', 'Address1_in', 'Address2_ut', 'Address3_et', 'Add_c_in', 'Address_s_in', NULL, NULL, NULL, NULL, '0000-00-00 00:00:00', '0000-00-00 00:00:00', '0000-00-00 00:00:00', '0000-00-00 00:00:00', NULL, NULL, NULL, NULL, NULL, NULL, NULL, NULL, NULL, NULL, 'R', NULL, NULL, NULL, 0, NULL, NULL, NULL, NULL, NULL, NULL, NULL, NULL, NULL, NULL, NULL, NULL, NULL, NULL, 1, 1, '2023-09-19 06:56:18', '2023-12-10 08:15:05', 6, 1),
(87, 'SBI', '2023-12-11 11:39:21', 'VISA Master', 'FPL', 'JCB', 'tempore', '0000-00-00 00:00:00', '0000-00-00 00:00:00', '2023-12-11 11:39:21', '2023-12-11 11:39:21', 'Address1_ut', 'Address2_ex', 'Address3_ea', 'Add_c_ut', 'Address_s_et', NULL, NULL, NULL, NULL, '0000-00-00 00:00:00', '0000-00-00 00:00:00', '0000-00-00 00:00:00', '0000-00-00 00:00:00', NULL, NULL, NULL, NULL, NULL, NULL, NULL, NULL, NULL, NULL, 'N', NULL, NULL, NULL, 0, NULL, NULL, NULL, NULL, NULL, NULL, NULL, NULL, NULL, NULL, NULL, NULL, NULL, NULL, 1, 1, '2023-11-27 17:38:53', '2023-12-10 08:15:05', 5, 1),
(88, 'HDFC', '2023-12-11 11:39:21', 'VISA Master', 'FPL', 'JCB', 'numquam', '0000-00-00 00:00:00', '0000-00-00 00:00:00', '2023-12-11 11:39:21', '2023-12-11 11:39:21', 'Address1_et', 'Address2_at', 'Address3_ut', 'Add_c_ab', 'Address_s_ut', NULL, NULL, NULL, NULL, '0000-00-00 00:00:00', '0000-00-00 00:00:00', '0000-00-00 00:00:00', '0000-00-00 00:00:00', NULL, NULL, NULL, NULL, NULL, NULL, NULL, NULL, NULL, NULL, 'N', NULL, NULL, NULL, 0, NULL, NULL, NULL, NULL, NULL, NULL, NULL, NULL, NULL, NULL, NULL, NULL, NULL, NULL, 1, 1, '2023-10-05 03:32:24', '2023-12-10 08:15:05', 1, 1),
(89, 'IDFC', '2023-12-11 11:39:21', 'VISA Master', 'GPL', 'JCB', 'commodi', '0000-00-00 00:00:00', '0000-00-00 00:00:00', '2023-12-11 11:39:21', '2023-12-11 11:39:21', 'Address1_id', 'Address2_et', 'Address3_ab', 'Add_c_ut', 'Address_s_et', NULL, NULL, NULL, NULL, '0000-00-00 00:00:00', '0000-00-00 00:00:00', '0000-00-00 00:00:00', '0000-00-00 00:00:00', NULL, NULL, NULL, NULL, NULL, NULL, NULL, NULL, NULL, NULL, 'N', NULL, NULL, NULL, 0, NULL, NULL, NULL, NULL, NULL, NULL, NULL, NULL, NULL, NULL, NULL, NULL, NULL, NULL, 1, 1, '2023-10-10 02:50:43', '2023-12-10 08:15:05', 7, 1),
(90, 'SBI', '2023-12-11 11:39:21', 'VISA Master', 'FPL', 'AMEX', 'laborum', '0000-00-00 00:00:00', '0000-00-00 00:00:00', '2023-12-11 11:39:21', '2023-12-11 11:39:21', 'Address1_ut', 'Address2_et', 'Address3_id', 'Add_c_ad', 'Address_s_ut', NULL, NULL, NULL, NULL, '0000-00-00 00:00:00', '0000-00-00 00:00:00', '0000-00-00 00:00:00', '0000-00-00 00:00:00', NULL, NULL, NULL, NULL, NULL, NULL, NULL, NULL, NULL, NULL, 'W', NULL, NULL, NULL, 0, NULL, NULL, NULL, NULL, NULL, NULL, NULL, NULL, NULL, NULL, NULL, NULL, NULL, NULL, 1, 1, '2023-09-06 03:37:58', '2023-12-10 08:15:05', 3, 1),
(91, 'IDFC', '2023-12-11 11:39:21', 'VISA Master', 'GPL', 'CUP', 'dolorum', '0000-00-00 00:00:00', '0000-00-00 00:00:00', '2023-12-11 11:39:21', '2023-12-11 11:39:21', 'Address1_et', 'Address2_et', 'Address3_et', 'Add_c_et', 'Address_s_ad', NULL, NULL, NULL, NULL, '0000-00-00 00:00:00', '0000-00-00 00:00:00', '0000-00-00 00:00:00', '0000-00-00 00:00:00', NULL, NULL, NULL, NULL, NULL, NULL, NULL, NULL, NULL, NULL, 'C', NULL, NULL, NULL, 0, NULL, NULL, NULL, NULL, NULL, NULL, NULL, NULL, NULL, NULL, NULL, NULL, NULL, NULL, 1, 1, '2023-09-18 07:39:37', '2023-12-10 08:15:05', 6, 1),
(92, 'IDFC', '2023-12-11 11:39:21', 'VISA Master', 'FPL', 'VISA', 'facilis', '0000-00-00 00:00:00', '0000-00-00 00:00:00', '2023-12-11 11:39:21', '2023-12-11 11:39:21', 'Address1_ut', 'Address2_ut', 'Address3_et', 'Add_c_in', 'Address_s_id', NULL, NULL, NULL, NULL, '0000-00-00 00:00:00', '0000-00-00 00:00:00', '0000-00-00 00:00:00', '0000-00-00 00:00:00', NULL, NULL, NULL, NULL, NULL, NULL, NULL, NULL, NULL, NULL, 'C', NULL, NULL, NULL, 0, NULL, NULL, NULL, NULL, NULL, NULL, NULL, NULL, NULL, NULL, NULL, NULL, NULL, NULL, 1, 1, '2023-10-22 07:06:50', '2023-12-10 08:15:05', 6, 1),
(93, 'HDFC', '2023-12-11 11:39:21', 'VISA Master', 'GPL', 'MC', 'dolores', '0000-00-00 00:00:00', '0000-00-00 00:00:00', '2023-12-11 11:39:21', '2023-12-11 11:39:21', 'Address1_ut', 'Address2_at', 'Address3_at', 'Add_c_ut', 'Address_s_et', NULL, NULL, NULL, NULL, '0000-00-00 00:00:00', '0000-00-00 00:00:00', '0000-00-00 00:00:00', '0000-00-00 00:00:00', NULL, NULL, NULL, NULL, NULL, NULL, NULL, NULL, NULL, NULL, 'W', NULL, NULL, NULL, 0, NULL, NULL, NULL, NULL, NULL, NULL, NULL, NULL, NULL, NULL, NULL, NULL, NULL, NULL, 1, 1, '2023-11-14 11:20:24', '2023-12-10 08:15:05', 2, 1),
(94, 'IDFC', '2023-12-11 11:39:21', 'VISA Master', 'GPL', 'MC', 'nostrum', '0000-00-00 00:00:00', '0000-00-00 00:00:00', '2023-12-11 11:39:21', '2023-12-11 11:39:21', 'Address1_ut', 'Address2_ea', 'Address3_ut', 'Add_c_id', 'Address_s_ad', NULL, NULL, NULL, NULL, '0000-00-00 00:00:00', '0000-00-00 00:00:00', '0000-00-00 00:00:00', '0000-00-00 00:00:00', NULL, NULL, NULL, NULL, NULL, NULL, NULL, NULL, NULL, NULL, 'R', NULL, NULL, NULL, 0, NULL, NULL, NULL, NULL, NULL, NULL, NULL, NULL, NULL, NULL, NULL, NULL, NULL, NULL, 1, 1, '2023-09-22 13:13:25', '2023-12-10 08:15:05', 10, 1),
(95, 'IDFC', '2023-12-11 11:39:21', 'Platinum', 'FPL', 'VISA', 'debitis', '0000-00-00 00:00:00', '0000-00-00 00:00:00', '2023-12-11 11:39:21', '2023-12-11 11:39:21', 'Address1_et', 'Address2_ab', 'Address3_ex', 'Add_c_in', 'Address_s_ut', NULL, NULL, NULL, NULL, '0000-00-00 00:00:00', '0000-00-00 00:00:00', '0000-00-00 00:00:00', '0000-00-00 00:00:00', NULL, NULL, NULL, NULL, NULL, NULL, NULL, NULL, NULL, NULL, 'N', NULL, NULL, NULL, 0, NULL, NULL, NULL, NULL, NULL, NULL, NULL, NULL, NULL, NULL, NULL, NULL, NULL, NULL, 1, 1, '2023-09-28 22:18:23', '2023-12-10 08:15:05', 8, 1),
(96, 'IDFC', '2023-12-11 11:39:21', 'VISA Master', 'GPL', 'AMEX', 'placeat', '0000-00-00 00:00:00', '0000-00-00 00:00:00', '2023-12-11 11:39:21', '2023-12-11 11:39:21', 'Address1_et', 'Address2_in', 'Address3_et', 'Add_c_ea', 'Address_s_ex', NULL, NULL, NULL, NULL, '0000-00-00 00:00:00', '0000-00-00 00:00:00', '0000-00-00 00:00:00', '0000-00-00 00:00:00', NULL, NULL, NULL, NULL, NULL, NULL, NULL, NULL, NULL, NULL, 'R', NULL, NULL, NULL, 0, NULL, NULL, NULL, NULL, NULL, NULL, NULL, NULL, NULL, NULL, NULL, NULL, NULL, NULL, 1, 1, '2023-10-02 12:41:56', '2023-12-10 08:15:05', 5, 1),
(97, 'HDFC', '2023-12-11 11:39:21', 'VISA Master', 'GPL', 'JCB', 'impedit', '0000-00-00 00:00:00', '0000-00-00 00:00:00', '2023-12-11 11:39:21', '2023-12-11 11:39:21', 'Address1_et', 'Address2_et', 'Address3_id', 'Add_c_ut', 'Address_s_et', NULL, NULL, NULL, NULL, '0000-00-00 00:00:00', '0000-00-00 00:00:00', '0000-00-00 00:00:00', '0000-00-00 00:00:00', NULL, NULL, NULL, NULL, NULL, NULL, NULL, NULL, NULL, NULL, 'W', NULL, NULL, NULL, 0, NULL, NULL, NULL, NULL, NULL, NULL, NULL, NULL, NULL, NULL, NULL, NULL, NULL, NULL, 1, 1, '2023-11-23 06:09:32', '2023-12-10 08:15:05', 6, 1),
(98, 'HDFC', '2023-12-11 11:39:21', 'VISA Master', 'FPL', 'CUP', 'tempora', '0000-00-00 00:00:00', '0000-00-00 00:00:00', '2023-12-11 11:39:21', '2023-12-11 11:39:21', 'Address1_ut', 'Address2_et', 'Address3_at', 'Add_c_ad', 'Address_s_id', NULL, NULL, NULL, NULL, '0000-00-00 00:00:00', '0000-00-00 00:00:00', '0000-00-00 00:00:00', '0000-00-00 00:00:00', NULL, NULL, NULL, NULL, NULL, NULL, NULL, NULL, NULL, NULL, 'C', NULL, NULL, NULL, 0, NULL, NULL, NULL, NULL, NULL, NULL, NULL, NULL, NULL, NULL, NULL, NULL, NULL, NULL, 1, 1, '2023-09-06 08:45:07', '2023-12-10 08:15:05', 10, 1),
(99, 'HDFC', '2023-12-11 11:39:21', 'Platinum', 'PPL', 'VISA', 'nostrum', '0000-00-00 00:00:00', '0000-00-00 00:00:00', '2023-12-11 11:39:21', '2023-12-11 11:39:21', 'Address1_et', 'Address2_et', 'Address3_et', 'Add_c_ut', 'Address_s_id', NULL, NULL, NULL, NULL, '0000-00-00 00:00:00', '0000-00-00 00:00:00', '0000-00-00 00:00:00', '0000-00-00 00:00:00', NULL, NULL, NULL, NULL, NULL, NULL, NULL, NULL, NULL, NULL, 'C', NULL, NULL, NULL, 0, NULL, NULL, NULL, NULL, NULL, NULL, NULL, NULL, NULL, NULL, NULL, NULL, NULL, NULL, 1, 1, '2023-10-14 20:49:06', '2023-12-10 08:15:05', 2, 1),
(100, 'SBI', '2023-12-11 11:39:21', 'Platinum', 'GPL', 'VISA', 'commodi', '0000-00-00 00:00:00', '0000-00-00 00:00:00', '2023-12-11 11:39:21', '2023-12-11 11:39:21', 'Address1_id', 'Address2_et', 'Address3_ex', 'Add_c_et', 'Address_s_ab', NULL, NULL, NULL, NULL, '0000-00-00 00:00:00', '0000-00-00 00:00:00', '0000-00-00 00:00:00', '0000-00-00 00:00:00', NULL, NULL, NULL, NULL, NULL, NULL, NULL, NULL, NULL, NULL, 'R', NULL, NULL, NULL, 0, NULL, NULL, NULL, NULL, NULL, NULL, NULL, NULL, NULL, NULL, NULL, NULL, NULL, NULL, 1, 1, '2023-11-17 05:18:30', '2023-12-10 08:15:05', 2, 1),
(101, 'HDFC', '2023-12-11 11:39:21', 'VISA Master', 'PPL', 'JCB', 'dolores', '0000-00-00 00:00:00', '0000-00-00 00:00:00', '2023-12-11 11:39:21', '2023-12-11 11:39:21', 'Address1_et', 'Address2_et', 'Address3_id', 'Add_c_ut', 'Address_s_ut', NULL, NULL, NULL, NULL, '0000-00-00 00:00:00', '0000-00-00 00:00:00', '0000-00-00 00:00:00', '0000-00-00 00:00:00', NULL, NULL, NULL, NULL, NULL, NULL, NULL, NULL, NULL, NULL, 'N', NULL, NULL, NULL, 0, NULL, NULL, NULL, NULL, NULL, NULL, NULL, NULL, NULL, NULL, NULL, NULL, NULL, NULL, 1, 1, '2023-10-27 16:42:32', '2023-12-10 08:15:05', 7, 1),
(102, 'HDFC', '2023-12-11 11:39:21', 'Platinum', 'FPL', 'VISA', 'maiores', '0000-00-00 00:00:00', '0000-00-00 00:00:00', '2023-12-11 11:39:21', '2023-12-11 11:39:21', 'Address1_in', 'Address2_ut', 'Address3_et', 'Add_c_at', 'Address_s_et', NULL, NULL, NULL, NULL, '0000-00-00 00:00:00', '0000-00-00 00:00:00', '0000-00-00 00:00:00', '0000-00-00 00:00:00', NULL, NULL, NULL, NULL, NULL, NULL, NULL, NULL, NULL, NULL, 'W', NULL, NULL, NULL, 0, NULL, NULL, NULL, NULL, NULL, NULL, NULL, NULL, NULL, NULL, NULL, NULL, NULL, NULL, 1, 1, '2023-10-29 08:09:05', '2023-12-10 08:15:05', 6, 1),
(103, 'IDFC', '2023-12-11 11:39:21', 'VISA Master', 'PPL', 'AMEX', 'aliquam', '0000-00-00 00:00:00', '0000-00-00 00:00:00', '2023-12-11 11:39:21', '2023-12-11 11:39:21', 'Address1_ut', 'Address2_et', 'Address3_et', 'Add_c_et', 'Address_s_ad', NULL, NULL, NULL, NULL, '0000-00-00 00:00:00', '0000-00-00 00:00:00', '0000-00-00 00:00:00', '0000-00-00 00:00:00', NULL, NULL, NULL, NULL, NULL, NULL, NULL, NULL, NULL, NULL, 'W', NULL, NULL, NULL, 0, NULL, NULL, NULL, NULL, NULL, NULL, NULL, NULL, NULL, NULL, NULL, NULL, NULL, NULL, 1, 1, '2023-10-15 07:12:41', '2023-12-10 08:15:05', 10, 1),
(104, 'HDFC', '2023-12-11 11:39:21', 'VISA Master', 'FPL', 'VISA', 'dolores', '0000-00-00 00:00:00', '0000-00-00 00:00:00', '2023-12-11 11:39:21', '2023-12-11 11:39:21', 'Address1_et', 'Address2_in', 'Address3_id', 'Add_c_ex', 'Address_s_et', NULL, NULL, NULL, NULL, '0000-00-00 00:00:00', '0000-00-00 00:00:00', '0000-00-00 00:00:00', '0000-00-00 00:00:00', NULL, NULL, NULL, NULL, NULL, NULL, NULL, NULL, NULL, NULL, 'W', NULL, NULL, NULL, 0, NULL, NULL, NULL, NULL, NULL, NULL, NULL, NULL, NULL, NULL, NULL, NULL, NULL, NULL, 1, 1, '2023-09-28 00:44:01', '2023-12-10 08:15:05', 7, 1),
(105, 'HDFC', '2023-12-11 11:39:21', 'VISA Master', 'FPL', 'VISA', 'aliquid', '0000-00-00 00:00:00', '0000-00-00 00:00:00', '2023-12-11 11:39:21', '2023-12-11 11:39:21', 'Address1_et', 'Address2_ut', 'Address3_et', 'Add_c_et', 'Address_s_ad', NULL, NULL, NULL, NULL, '0000-00-00 00:00:00', '0000-00-00 00:00:00', '0000-00-00 00:00:00', '0000-00-00 00:00:00', NULL, NULL, NULL, NULL, NULL, NULL, NULL, NULL, NULL, NULL, 'W', NULL, NULL, NULL, 0, NULL, NULL, NULL, NULL, NULL, NULL, NULL, NULL, NULL, NULL, NULL, NULL, NULL, NULL, 1, 1, '2023-11-01 15:14:07', '2023-12-10 08:15:05', 10, 1),
(106, 'IDFC', '2023-12-11 11:39:21', 'VISA Master', 'FPL', 'VISA', 'quaerat', '0000-00-00 00:00:00', '0000-00-00 00:00:00', '2023-12-11 11:39:21', '2023-12-11 11:39:21', 'Address1_et', 'Address2_in', 'Address3_et', 'Add_c_ut', 'Address_s_ut', NULL, NULL, NULL, NULL, '0000-00-00 00:00:00', '0000-00-00 00:00:00', '0000-00-00 00:00:00', '0000-00-00 00:00:00', NULL, NULL, NULL, NULL, NULL, NULL, NULL, NULL, NULL, NULL, 'W', NULL, NULL, NULL, 0, NULL, NULL, NULL, NULL, NULL, NULL, NULL, NULL, NULL, NULL, NULL, NULL, NULL, NULL, 1, 1, '2023-11-15 01:21:20', '2023-12-10 08:15:05', 10, 1),
(107, 'IDFC', '2023-12-11 11:39:21', 'VISA Master', 'PPL', 'CUP', 'aliquam', '0000-00-00 00:00:00', '0000-00-00 00:00:00', '2023-12-11 11:39:21', '2023-12-11 11:39:21', 'Address1_et', 'Address2_et', 'Address3_id', 'Add_c_et', 'Address_s_id', NULL, NULL, NULL, NULL, '0000-00-00 00:00:00', '0000-00-00 00:00:00', '0000-00-00 00:00:00', '0000-00-00 00:00:00', NULL, NULL, NULL, NULL, NULL, NULL, NULL, NULL, NULL, NULL, 'W', NULL, NULL, NULL, 0, NULL, NULL, NULL, NULL, NULL, NULL, NULL, NULL, NULL, NULL, NULL, NULL, NULL, NULL, 1, 1, '2023-10-09 00:42:52', '2023-12-10 08:15:05', 6, 1),
(108, 'HDFC', '2023-12-11 11:39:21', 'VISA Master', 'GPL', 'AMEX', 'maiores', '0000-00-00 00:00:00', '0000-00-00 00:00:00', '2023-12-11 11:39:21', '2023-12-11 11:39:21', 'Address1_et', 'Address2_ea', 'Address3_in', 'Add_c_id', 'Address_s_ut', NULL, NULL, NULL, NULL, '0000-00-00 00:00:00', '0000-00-00 00:00:00', '0000-00-00 00:00:00', '0000-00-00 00:00:00', NULL, NULL, NULL, NULL, NULL, NULL, NULL, NULL, NULL, NULL, 'N', NULL, NULL, NULL, 0, NULL, NULL, NULL, NULL, NULL, NULL, NULL, NULL, NULL, NULL, NULL, NULL, NULL, NULL, 1, 1, '2023-11-21 12:04:01', '2023-12-10 08:15:05', 10, 1),
(109, 'SBI', '2023-12-11 11:39:21', 'Platinum', 'FPL', 'MC', 'impedit', '0000-00-00 00:00:00', '0000-00-00 00:00:00', '2023-12-11 11:39:21', '2023-12-11 11:39:21', 'Address1_in', 'Address2_et', 'Address3_in', 'Add_c_et', 'Address_s_in', NULL, NULL, NULL, NULL, '0000-00-00 00:00:00', '0000-00-00 00:00:00', '0000-00-00 00:00:00', '0000-00-00 00:00:00', NULL, NULL, NULL, NULL, NULL, NULL, NULL, NULL, NULL, NULL, 'C', NULL, NULL, NULL, 0, NULL, NULL, NULL, NULL, NULL, NULL, NULL, NULL, NULL, NULL, NULL, NULL, NULL, NULL, 1, 1, '2023-11-22 10:12:27', '2023-12-10 08:15:05', 10, 1),
(110, 'HDFC', '2023-12-11 11:39:21', 'VISA Master', 'GPL', 'JCB', 'officia', '0000-00-00 00:00:00', '0000-00-00 00:00:00', '2023-12-11 11:39:21', '2023-12-11 11:39:21', 'Address1_et', 'Address2_id', 'Address3_ut', 'Add_c_et', 'Address_s_et', NULL, NULL, NULL, NULL, '0000-00-00 00:00:00', '0000-00-00 00:00:00', '0000-00-00 00:00:00', '0000-00-00 00:00:00', NULL, NULL, NULL, NULL, NULL, NULL, NULL, NULL, NULL, NULL, 'R', NULL, NULL, NULL, 0, NULL, NULL, NULL, NULL, NULL, NULL, NULL, NULL, NULL, NULL, NULL, NULL, NULL, NULL, 1, 1, '2023-09-17 16:17:09', '2023-12-10 08:15:05', 9, 1);

-- --------------------------------------------------------

--
-- Table structure for table `cardsupdates`
--

CREATE TABLE `cardsupdates` (
  `id` int(11) NOT NULL,
  `Changemode` varchar(255) DEFAULT NULL,
  `Logjson` text DEFAULT NULL,
  `Comments` datetime DEFAULT NULL,
  `createdAt` datetime NOT NULL,
  `updatedAt` datetime NOT NULL
) ENGINE=InnoDB DEFAULT CHARSET=utf8mb4 COLLATE=utf8mb4_general_ci;

-- --------------------------------------------------------

--
-- Table structure for table `filemasters`
--

CREATE TABLE `filemasters` (
  `id` int(11) NOT NULL,
  `fileName` varchar(255) DEFAULT NULL,
  `DataProcessor` varchar(255) DEFAULT NULL,
  `BureauName` varchar(255) DEFAULT NULL,
  `FileAttribute` varchar(255) DEFAULT NULL,
  `CutOffTime` datetime DEFAULT NULL,
  `FileUploadTime` datetime DEFAULT '2023-12-22 18:30:57',
  `createdBy` int(11) DEFAULT NULL,
  `modifiedBy` int(11) DEFAULT NULL,
  `createdAt` datetime DEFAULT '2023-12-22 18:30:57',
  `updatedAt` datetime DEFAULT '2023-12-22 18:30:57',
  `userId` int(11) DEFAULT NULL
) ENGINE=InnoDB DEFAULT CHARSET=utf8mb4 COLLATE=utf8mb4_general_ci;

--
-- Dumping data for table `filemasters`
--

INSERT INTO `filemasters` (`id`, `fileName`, `DataProcessor`, `BureauName`, `FileAttribute`, `CutOffTime`, `FileUploadTime`, `createdBy`, `modifiedBy`, `createdAt`, `updatedAt`, `userId`) VALUES
(1, 'hdfc_itaque.zip', 'magnam', 'BureauName_c', '', '2023-10-04 18:56:04', '2023-12-10 08:15:05', 1, 1, '2023-12-10 08:15:05', '2023-12-10 08:15:05', 1),
(2, 'hdfc_veniam.zip', 'libero', 'BureauName_b', '', '2023-09-23 21:13:18', '2023-12-10 08:15:05', 1, 1, '2023-12-10 08:15:05', '2023-12-10 08:15:05', 1),
(3, 'hdfc_itaque.zip', 'minima', 'BureauName_b', '', '2023-10-18 16:54:23', '2023-12-10 08:15:05', 1, 1, '2023-12-10 08:15:05', '2023-12-10 08:15:05', 1),
(4, 'hdfc_cumque.zip', 'magnam', 'BureauName_b', '', '2023-09-19 10:57:30', '2023-12-10 08:15:05', 1, 1, '2023-12-10 08:15:05', '2023-12-10 08:15:05', 1),
(5, 'hdfc_libero.zip', 'fugiat', 'BureauName_a', '', '2023-11-28 03:04:19', '2023-12-10 08:15:05', 1, 1, '2023-12-10 08:15:05', '2023-12-10 08:15:05', 1),
(6, 'hdfc_veniam_5.zip', 'cumque', 'BureauName_c', '', '2023-12-11 18:09:23', '2023-12-10 08:15:05', 1, 1, '2023-12-10 08:15:05', '2023-12-10 08:15:05', 1),
(7, 'hdfc_cumque_6.zip', 'beatae', 'BureauName_a', '', '2023-12-13 08:07:56', '2023-12-10 08:15:05', 1, 1, '2023-12-10 08:15:05', '2023-12-10 08:15:05', 1),
(8, 'icici_maxime.zip', 'facere', 'BureauName_b', '', '2023-09-19 20:37:32', '2023-12-10 08:15:05', 1, 1, '2023-12-10 08:15:05', '2023-12-10 08:15:05', 1),
(9, 'icici_minima.zip', 'veniam', 'BureauName_c', '', '2023-12-09 01:54:59', '2023-12-10 08:15:05', 1, 1, '2023-12-10 08:15:05', '2023-12-10 08:15:05', 1),
(10, 'icici_veniam.zip', 'soluta', 'BureauName_a', '', '2023-09-19 20:25:26', '2023-12-10 08:15:05', 1, 1, '2023-12-10 08:15:05', '2023-12-10 08:15:05', 1),
(11, 'icici_dolore.zip', 'labore', 'BureauName_c', '', '2023-11-22 19:23:15', '2023-12-10 08:15:05', 1, 1, '2023-12-10 08:15:05', '2023-12-10 08:15:05', 1),
(12, 'icici_beatae.zip', 'fugiat', 'BureauName_a', '', '2023-09-17 12:43:13', '2023-12-10 08:15:05', 1, 1, '2023-12-10 08:15:05', '2023-12-10 08:15:05', 1),
(13, 'icici_fugiat_5.zip', 'cumque', 'BureauName_a', '', '2023-12-12 07:36:23', '2023-12-10 08:15:05', 1, 1, '2023-12-10 08:15:05', '2023-12-10 08:15:05', 1),
(14, 'icici_facere_6.zip', 'libero', 'BureauName_a', '', '2023-12-11 16:43:02', '2023-12-10 08:15:05', 1, 1, '2023-12-10 08:15:05', '2023-12-10 08:15:05', 1);

-- --------------------------------------------------------

--
-- Table structure for table `pullrequests`
--

CREATE TABLE `pullrequests` (
  `id` int(11) NOT NULL,
  `action` varchar(255) DEFAULT NULL,
  `changeCommunicatedTo` int(11) DEFAULT NULL,
  `field` varchar(255) DEFAULT NULL,
  `originalValue` varchar(255) DEFAULT NULL,
  `newValue` varchar(255) DEFAULT NULL,
  `mode` varchar(255) DEFAULT NULL,
  `ipaddress` varchar(255) DEFAULT NULL,
  `serviceRequest` char(36) CHARACTER SET utf8mb4 COLLATE utf8mb4_bin DEFAULT NULL,
  `cardId` int(11) DEFAULT NULL,
  `fileMasterId` int(11) DEFAULT NULL,
  `createdBy` int(11) DEFAULT NULL,
  `modifiedBy` int(11) DEFAULT NULL,
  `createdAt` datetime DEFAULT '2023-12-23 11:19:29',
  `updatedAt` datetime DEFAULT '2023-12-23 11:19:29',
  `userId` int(11) DEFAULT NULL
) ENGINE=InnoDB DEFAULT CHARSET=utf8mb4 COLLATE=utf8mb4_general_ci;

--
-- Dumping data for table `pullrequests`
--

INSERT INTO `pullrequests` (`id`, `action`, `changeCommunicatedTo`, `field`, `originalValue`, `newValue`, `mode`, `ipaddress`, `serviceRequest`, `cardId`, `fileMasterId`, `createdBy`, `modifiedBy`, `createdAt`, `updatedAt`, `userId`) VALUES
(1, 'newvalue', 1, 'Address1', 'Address1_ut', 'Sign theatre', 'email', '127.0.0.0', NULL, 1, 1, 1, 1, '2023-12-22 19:00:00', '2023-12-22 19:00:00', 1),
(2, 'newvalue', 1, 'Address1', 'Address1_et', 'signature tower', 'phone', '127.0.0.0', NULL, 1, 1, 1, 1, '2023-12-22 19:00:00', '2023-12-22 19:00:00', 1),
(3, 'newvalue', 1, 'Address1', 'Address1_ex', 'Town hall', 'other', '127.0.0.0', NULL, 1, 1, 1, 1, '2023-12-22 19:00:00', '2023-12-22 19:00:00', 1),
(4, 'newvalue', 1, 'Scheme', 'VISA', 'AMEX', 'sms', '127.0.0.0', '2547026a-0136-4b74-ba5b-a843715d8564', 2, 7, 1, 1, '2023-12-24 15:26:22', '2023-12-24 15:26:22', 1),
(5, 'accelerate', 1, '', '', '', 'sms', '127.0.0.0', '90d2759b-ad52-4a08-8deb-3f88ea983f29', 6, 6, 1, 1, '2023-12-24 15:26:22', '2023-12-24 15:26:22', 1),
(6, 'accelerate', 1, '', '', '', 'inperson', '127.0.0.0', '1d17aac8-4173-4744-a828-7a7190f04dcf', 6, 6, 1, 1, '2023-12-24 15:26:22', '2023-12-24 15:26:22', 1);

-- --------------------------------------------------------

--
-- Table structure for table `roles`
--

CREATE TABLE `roles` (
  `id` int(11) NOT NULL,
  `name` varchar(255) DEFAULT NULL,
  `createdAt` datetime NOT NULL,
  `updatedAt` datetime NOT NULL
) ENGINE=InnoDB DEFAULT CHARSET=utf8mb4 COLLATE=utf8mb4_general_ci;

-- --------------------------------------------------------

--
-- Table structure for table `users`
--

CREATE TABLE `users` (
  `id` int(11) NOT NULL,
  `username` varchar(255) DEFAULT NULL,
  `email` varchar(255) DEFAULT NULL,
  `password` varchar(255) DEFAULT NULL,
  `createdAt` datetime NOT NULL,
  `updatedAt` datetime NOT NULL
) ENGINE=InnoDB DEFAULT CHARSET=utf8mb4 COLLATE=utf8mb4_general_ci;

--
-- Dumping data for table `users`
--

INSERT INTO `users` (`id`, `username`, `email`, `password`, `createdAt`, `updatedAt`) VALUES
(1, 'admin', 'admin@mlno.in', '$2a$08$/58Hx8qA992Z5F0tSUDbd.gR1QD0tTxS4RTpN.KBEpDsAtXA/liHy', '2023-10-10 19:01:14', '2023-10-10 19:01:14');

-- --------------------------------------------------------

--
-- Table structure for table `user_roles`
--

CREATE TABLE `user_roles` (
  `createdAt` datetime NOT NULL,
  `updatedAt` datetime NOT NULL,
  `roleId` int(11) NOT NULL,
  `userId` int(11) NOT NULL
) ENGINE=InnoDB DEFAULT CHARSET=utf8mb4 COLLATE=utf8mb4_general_ci;

--
-- Indexes for dumped tables
--

--
-- Indexes for table `audit_logs`
--
ALTER TABLE `audit_logs`
  ADD PRIMARY KEY (`id`),
  ADD KEY `cardId` (`cardId`),
  ADD KEY `createdBy` (`createdBy`),
  ADD KEY `modifiedBy` (`modifiedBy`),
  ADD KEY `userId` (`userId`);

--
-- Indexes for table `cards`
--
ALTER TABLE `cards`
  ADD PRIMARY KEY (`id`),
  ADD KEY `createdBy` (`createdBy`),
  ADD KEY `modifiedBy` (`modifiedBy`),
  ADD KEY `fileMasterId` (`fileMasterId`),
  ADD KEY `userId` (`userId`);

--
-- Indexes for table `cardsupdates`
--
ALTER TABLE `cardsupdates`
  ADD PRIMARY KEY (`id`);

--
-- Indexes for table `filemasters`
--
ALTER TABLE `filemasters`
  ADD PRIMARY KEY (`id`),
  ADD KEY `createdBy` (`createdBy`),
  ADD KEY `modifiedBy` (`modifiedBy`),
  ADD KEY `userId` (`userId`);

--
-- Indexes for table `pullrequests`
--
ALTER TABLE `pullrequests`
  ADD PRIMARY KEY (`id`),
  ADD KEY `changeCommunicatedTo` (`changeCommunicatedTo`),
  ADD KEY `cardId` (`cardId`),
  ADD KEY `fileMasterId` (`fileMasterId`),
  ADD KEY `createdBy` (`createdBy`),
  ADD KEY `modifiedBy` (`modifiedBy`),
  ADD KEY `userId` (`userId`);

--
-- Indexes for table `roles`
--
ALTER TABLE `roles`
  ADD PRIMARY KEY (`id`);

--
-- Indexes for table `users`
--
ALTER TABLE `users`
  ADD PRIMARY KEY (`id`);

--
-- Indexes for table `user_roles`
--
ALTER TABLE `user_roles`
  ADD PRIMARY KEY (`roleId`,`userId`),
  ADD KEY `userId` (`userId`);

--
-- AUTO_INCREMENT for dumped tables
--

--
-- AUTO_INCREMENT for table `audit_logs`
--
ALTER TABLE `audit_logs`
  MODIFY `id` int(11) NOT NULL AUTO_INCREMENT, AUTO_INCREMENT=11;

--
-- AUTO_INCREMENT for table `cards`
--
ALTER TABLE `cards`
  MODIFY `id` int(11) NOT NULL AUTO_INCREMENT, AUTO_INCREMENT=111;

--
-- AUTO_INCREMENT for table `cardsupdates`
--
ALTER TABLE `cardsupdates`
  MODIFY `id` int(11) NOT NULL AUTO_INCREMENT;

--
-- AUTO_INCREMENT for table `filemasters`
--
ALTER TABLE `filemasters`
  MODIFY `id` int(11) NOT NULL AUTO_INCREMENT, AUTO_INCREMENT=15;

--
-- AUTO_INCREMENT for table `pullrequests`
--
ALTER TABLE `pullrequests`
  MODIFY `id` int(11) NOT NULL AUTO_INCREMENT, AUTO_INCREMENT=7;

--
-- AUTO_INCREMENT for table `users`
--
ALTER TABLE `users`
  MODIFY `id` int(11) NOT NULL AUTO_INCREMENT, AUTO_INCREMENT=2;

--
-- Constraints for dumped tables
--

--
-- Constraints for table `audit_logs`
--
ALTER TABLE `audit_logs`
  ADD CONSTRAINT `audit_logs_ibfk_1` FOREIGN KEY (`cardId`) REFERENCES `cards` (`id`) ON DELETE NO ACTION ON UPDATE CASCADE,
  ADD CONSTRAINT `audit_logs_ibfk_2` FOREIGN KEY (`createdBy`) REFERENCES `users` (`id`),
  ADD CONSTRAINT `audit_logs_ibfk_3` FOREIGN KEY (`modifiedBy`) REFERENCES `users` (`id`),
  ADD CONSTRAINT `audit_logs_ibfk_4` FOREIGN KEY (`userId`) REFERENCES `users` (`id`) ON DELETE SET NULL ON UPDATE CASCADE;

--
-- Constraints for table `cards`
--
ALTER TABLE `cards`
  ADD CONSTRAINT `cards_ibfk_1` FOREIGN KEY (`createdBy`) REFERENCES `users` (`id`),
  ADD CONSTRAINT `cards_ibfk_2` FOREIGN KEY (`modifiedBy`) REFERENCES `users` (`id`),
  ADD CONSTRAINT `cards_ibfk_3` FOREIGN KEY (`fileMasterId`) REFERENCES `filemasters` (`id`) ON DELETE SET NULL ON UPDATE CASCADE,
  ADD CONSTRAINT `cards_ibfk_4` FOREIGN KEY (`userId`) REFERENCES `users` (`id`) ON DELETE SET NULL ON UPDATE CASCADE;

--
-- Constraints for table `filemasters`
--
ALTER TABLE `filemasters`
  ADD CONSTRAINT `filemasters_ibfk_1` FOREIGN KEY (`createdBy`) REFERENCES `users` (`id`),
  ADD CONSTRAINT `filemasters_ibfk_2` FOREIGN KEY (`modifiedBy`) REFERENCES `users` (`id`),
  ADD CONSTRAINT `filemasters_ibfk_3` FOREIGN KEY (`userId`) REFERENCES `users` (`id`) ON DELETE SET NULL ON UPDATE CASCADE;

--
-- Constraints for table `pullrequests`
--
ALTER TABLE `pullrequests`
  ADD CONSTRAINT `pullrequests_ibfk_1` FOREIGN KEY (`changeCommunicatedTo`) REFERENCES `users` (`id`),
  ADD CONSTRAINT `pullrequests_ibfk_2` FOREIGN KEY (`cardId`) REFERENCES `cards` (`id`) ON DELETE NO ACTION ON UPDATE CASCADE,
  ADD CONSTRAINT `pullrequests_ibfk_3` FOREIGN KEY (`fileMasterId`) REFERENCES `filemasters` (`id`) ON DELETE NO ACTION ON UPDATE CASCADE,
  ADD CONSTRAINT `pullrequests_ibfk_4` FOREIGN KEY (`createdBy`) REFERENCES `users` (`id`),
  ADD CONSTRAINT `pullrequests_ibfk_5` FOREIGN KEY (`modifiedBy`) REFERENCES `users` (`id`),
  ADD CONSTRAINT `pullrequests_ibfk_6` FOREIGN KEY (`userId`) REFERENCES `users` (`id`) ON DELETE SET NULL ON UPDATE CASCADE;

--
-- Constraints for table `user_roles`
--
ALTER TABLE `user_roles`
  ADD CONSTRAINT `user_roles_ibfk_1` FOREIGN KEY (`roleId`) REFERENCES `roles` (`id`) ON DELETE CASCADE ON UPDATE CASCADE,
  ADD CONSTRAINT `user_roles_ibfk_2` FOREIGN KEY (`userId`) REFERENCES `users` (`id`) ON DELETE CASCADE ON UPDATE CASCADE;
COMMIT;

/*!40101 SET CHARACTER_SET_CLIENT=@OLD_CHARACTER_SET_CLIENT */;
/*!40101 SET CHARACTER_SET_RESULTS=@OLD_CHARACTER_SET_RESULTS */;
/*!40101 SET COLLATION_CONNECTION=@OLD_COLLATION_CONNECTION */;
